"Hora","Date","favorite_count","retweet_count"
9,2021-02-05,0,3
15,2021-02-04,3,2
10,2021-02-04,0,1
10,2021-02-04,2,0
13,2021-02-03,2,0
11,2021-02-03,0,1
9,2021-02-02,10,4
15,2021-02-01,3,0
14,2021-02-01,0,7
13,2021-01-29,3,0
11,2021-01-28,0,7
11,2021-01-28,3,1
10,2021-01-28,2,0
8,2021-01-28,2,2
15,2021-01-27,0,5
15,2021-01-27,1,0
13,2021-01-27,1,0
12,2021-01-27,0,44
12,2021-01-27,0,1
12,2021-01-27,5,1
10,2021-01-27,5,1
14,2021-01-26,4,1
13,2021-01-26,2,0
11,2021-01-26,0,1
15,2021-01-25,3,0
10,2021-01-25,5,0
7,2021-01-25,0,66
7,2021-01-25,0,4
14,2021-01-22,1,0
14,2021-01-22,0,1
14,2021-01-22,9,5
8,2021-01-22,0,1
8,2021-01-22,1,0
8,2021-01-22,0,3
8,2021-01-22,5,2
14,2021-01-21,0,5
12,2021-01-21,2,0
11,2021-01-21,3,0
11,2021-01-21,3,0
10,2021-01-21,2,0
9,2021-01-21,8,2
8,2021-01-21,11,3
10,2021-01-20,5,0
8,2021-01-20,7,3
15,2021-01-19,2,1
15,2021-01-19,0,3
14,2021-01-19,0,1
13,2021-01-19,2,0
14,2021-01-18,6,2
12,2021-01-18,5,0
14,2021-01-15,2,0
14,2021-01-14,4,0
14,2021-01-14,0,21
15,2021-01-13,7,4
13,2021-01-13,0,3
15,2021-01-12,0,1
15,2021-01-12,2,1
10,2021-01-11,5,0
13,2021-01-08,10,3
15,2021-01-07,3,1
16,2020-12-24,0,4
10,2020-12-23,6,0
16,2020-12-22,0,1
16,2020-12-22,0,0
12,2020-12-22,2,2
15,2020-12-21,1,0
17,2020-12-18,3,1
14,2020-12-17,1,0
16,2020-12-16,0,16
15,2020-12-16,3,1
8,2020-12-16,0,1
17,2020-12-15,2,0
16,2020-12-14,5,0
16,2020-12-11,5,1
15,2020-12-11,0,5
15,2020-12-11,5,0
12,2020-12-10,3,2
11,2020-12-10,3,1
10,2020-12-10,2,0
16,2020-12-09,1,0
15,2020-12-04,1,1
13,2020-12-04,4,2
12,2020-12-04,6,2
12,2020-12-04,2,0
11,2020-12-04,1,0
15,2020-12-03,0,2
15,2020-12-03,3,1
17,2020-12-02,4,0
15,2020-12-02,0,0
15,2020-11-30,2,2
16,2020-11-28,11,1
12,2020-11-27,3,0
11,2020-11-27,0,3
9,2020-11-27,0,1
18,2020-11-26,2,0
17,2020-11-26,0,5
17,2020-11-26,6,0
17,2020-11-25,7,1
12,2020-11-24,3,0
10,2020-11-24,3,1
14,2020-11-23,0,3
12,2020-11-23,5,0
11,2020-11-22,15,1
11,2020-11-21,3,1
16,2020-11-20,5,3
9,2020-11-20,6,1
16,2020-11-19,9,3
15,2020-11-18,5,1
17,2020-11-17,4,0
14,2020-11-16,3,0
16,2020-11-15,11,0
14,2020-11-13,4,1
19,2020-11-12,6,1
18,2020-11-12,1,1
18,2020-11-12,1,0
15,2020-11-12,1,0
14,2020-11-12,0,2
13,2020-11-12,0,5
13,2020-11-12,14,2
11,2020-11-12,0,0
10,2020-11-11,6,1
9,2020-11-11,6,4
16,2020-11-10,1,0
14,2020-11-10,2,0
13,2020-11-10,0,3
10,2020-11-09,0,3
10,2020-11-09,0,2
22,2020-11-08,0,3
14,2020-11-06,0,3
12,2020-11-06,3,0
12,2020-11-06,3,0
10,2020-11-06,7,3
14,2020-11-05,5,0
12,2020-11-05,4,0
11,2020-11-05,2,0
10,2020-11-05,0,17
9,2020-11-05,0,10
9,2020-11-05,0,2
9,2020-11-05,2,0
8,2020-11-05,2,0
15,2020-11-04,7,4
16,2020-11-03,3,1
16,2020-11-03,0,1
14,2020-11-03,0,6
15,2020-11-02,9,2
10,2020-11-01,5,0
9,2020-10-31,3,0
17,2020-10-30,6,2
15,2020-10-30,4,0
12,2020-10-30,3,1
9,2020-10-30,0,2
17,2020-10-29,2,0
16,2020-10-28,5,0
16,2020-10-28,0,1
12,2020-10-28,0,3
12,2020-10-28,0,13
14,2020-10-27,5,2
14,2020-10-27,0,2
11,2020-10-27,0,1
9,2020-10-27,6,0
9,2020-10-27,0,3
17,2020-10-26,2,0
16,2020-10-26,5,1
15,2020-10-26,1,0
10,2020-10-26,0,3
8,2020-10-26,0,4
13,2020-10-23,10,5
15,2020-10-22,0,1
14,2020-10-22,2,0
7,2020-10-22,1,1
17,2020-10-21,3,0
12,2020-10-21,7,2
11,2020-10-21,3,1
8,2020-10-21,3,1
12,2020-10-20,4,1
12,2020-10-20,1,0
10,2020-10-20,3,2
20,2020-10-19,0,7
16,2020-10-19,4,0
16,2020-10-19,2,0
10,2020-10-19,0,2
15,2020-10-16,3,0
12,2020-10-16,2,1
7,2020-10-16,0,6
7,2020-10-16,0,2
15,2020-10-15,2,0
11,2020-10-14,2,0
10,2020-10-14,0,2
10,2020-10-14,0,3
6,2020-10-14,5,0
15,2020-10-13,5,2
12,2020-10-11,1,0
14,2020-10-09,5,0
12,2020-10-08,4,1
12,2020-10-08,6,3
13,2020-10-07,9,2
12,2020-10-07,6,2
10,2020-10-07,0,3
10,2020-10-07,5,1
9,2020-10-07,7,1
9,2020-10-07,0,6
8,2020-10-07,0,4
15,2020-10-06,6,2
11,2020-10-06,7,1
16,2020-10-05,0,0
12,2020-10-05,3,1
11,2020-10-05,2,1
8,2020-10-05,0,2
17,2020-10-02,2,0
16,2020-10-02,5,1
14,2020-10-01,4,1
13,2020-09-30,1,1
8,2020-09-30,5,1
16,2020-09-29,2,0
12,2020-09-28,8,0
8,2020-09-26,8,1
16,2020-09-25,6,0
16,2020-09-23,8,1
9,2020-09-23,0,4
9,2020-09-23,6,1
8,2020-09-23,0,3
16,2020-09-22,6,0
8,2020-09-22,7,1
14,2020-09-21,4,1
11,2020-09-21,0,6
7,2020-09-21,6,1
10,2020-09-19,6,1
13,2020-09-18,7,4
13,2020-09-18,2,0
8,2020-09-18,0,4
8,2020-09-18,0,5
16,2020-09-17,4,1
13,2020-09-17,1,0
17,2020-09-16,0,5
7,2020-09-16,9,2
7,2020-09-16,0,3
12,2020-09-15,8,2
15,2020-09-14,4,1
15,2020-09-11,6,0
12,2020-09-11,0,11
11,2020-09-10,5,1
13,2020-09-09,0,1
13,2020-09-09,6,0
9,2020-09-09,0,15
11,2020-09-08,4,1
13,2020-09-07,4,0
13,2020-09-07,0,1
13,2020-09-07,0,6
15,2020-09-04,5,1
11,2020-09-04,4,2
16,2020-09-03,1,0
15,2020-09-03,7,0
9,2020-09-02,4,0
9,2020-09-01,4,0
10,2020-08-31,3,1
9,2020-08-28,3,0
9,2020-08-27,2,0
7,2020-08-27,0,4
12,2020-08-25,1,0
17,2020-08-24,3,5
9,2020-08-24,3,0
16,2020-08-21,1,0
11,2020-08-21,0,10
16,2020-08-20,0,1
15,2020-08-20,0,12
12,2020-08-20,0,2
16,2020-08-19,3,1
15,2020-08-18,3,1
11,2020-08-18,0,2
11,2020-08-18,0,2
11,2020-08-18,0,5
15,2020-08-17,1,0
15,2020-08-17,0,2
13,2020-08-07,6,2
9,2020-08-06,2,0
9,2020-08-06,0,9
9,2020-08-06,0,3
15,2020-08-05,2,1
15,2020-08-05,0,3
7,2020-08-05,0,3
14,2020-08-04,4,0
13,2020-08-03,2,0
9,2020-07-31,3,0
9,2020-07-30,4,2
18,2020-07-29,0,6
9,2020-07-29,2,1
9,2020-07-28,2,0
10,2020-07-27,5,2
13,2020-07-24,5,0
12,2020-07-23,3,1
14,2020-07-22,7,2
14,2020-07-22,2,0
11,2020-07-22,0,2
11,2020-07-22,0,1
7,2020-07-22,0,8
7,2020-07-22,5,0
9,2020-07-21,0,1
15,2020-07-20,0,9
15,2020-07-20,0,3
14,2020-07-20,9,2
7,2020-07-20,0,1
14,2020-07-17,0,1
14,2020-07-17,0,4
14,2020-07-17,0,12
8,2020-07-17,0,6
8,2020-07-16,6,2
14,2020-07-15,1,0
13,2020-07-15,0,3
9,2020-07-15,2,0
15,2020-07-14,3,2
14,2020-07-13,4,0
12,2020-07-13,9,1
8,2020-07-13,0,2
8,2020-07-13,0,3
8,2020-07-13,0,1
8,2020-07-13,0,2
8,2020-07-13,0,6
15,2020-07-10,2,0
13,2020-07-10,0,8
13,2020-07-09,5,0
13,2020-07-09,0,2
11,2020-07-08,0,2
9,2020-07-08,0,6
8,2020-07-08,11,6
16,2020-07-07,2,0
16,2020-07-07,0,3
15,2020-07-06,4,0
12,2020-07-06,4,3
10,2020-07-06,0,4
14,2020-07-03,2,0
8,2020-07-03,0,1
16,2020-07-02,2,0
11,2020-07-02,0,1
9,2020-07-02,8,8
15,2020-07-01,4,0
9,2020-07-01,4,0
8,2020-07-01,0,11
8,2020-07-01,0,1
7,2020-07-01,0,7
17,2020-06-30,4,1
9,2020-06-30,8,2
14,2020-06-29,0,11
14,2020-06-29,0,9
14,2020-06-29,0,3
11,2020-06-29,0,2
11,2020-06-29,4,2
9,2020-06-29,5,1
9,2020-06-28,2,0
9,2020-06-27,3,0
14,2020-06-26,5,0
13,2020-06-26,0,1
12,2020-06-26,3,0
9,2020-06-26,7,1
14,2020-06-25,0,3
12,2020-06-25,4,0
10,2020-06-25,1,0
9,2020-06-25,1,0
9,2020-06-25,6,1
9,2020-06-24,5,2
17,2020-06-23,2,0
15,2020-06-23,0,2
15,2020-06-23,0,2
11,2020-06-23,0,3
11,2020-06-23,9,5
9,2020-06-23,4,1
16,2020-06-22,12,4
14,2020-06-22,4,2
9,2020-06-22,5,1
14,2020-06-19,0,8
14,2020-06-19,0,6
12,2020-06-19,3,1
9,2020-06-19,4,1
8,2020-06-19,0,14
13,2020-06-18,10,0
9,2020-06-18,3,0
8,2020-06-18,0,12
8,2020-06-18,0,5
15,2020-06-17,6,3
9,2020-06-17,3,0
11,2020-06-16,3,0
9,2020-06-16,2,0
11,2020-06-15,0,0
11,2020-06-15,6,5
9,2020-06-15,2,0
8,2020-06-15,0,7
16,2020-06-12,0,0
15,2020-06-12,0,2
9,2020-06-12,2,1
7,2020-06-12,0,3
7,2020-06-12,0,3
22,2020-06-11,0,3
22,2020-06-11,0,10
16,2020-06-11,5,2
14,2020-06-11,6,3
9,2020-06-11,3,1
14,2020-06-10,2,0
13,2020-06-10,0,2
9,2020-06-10,1,1
9,2020-06-10,0,3
9,2020-06-10,0,0
7,2020-06-10,0,1
13,2020-06-09,0,0
9,2020-06-09,3,6
16,2020-06-08,0,1
15,2020-06-08,0,1
15,2020-06-08,0,0
14,2020-06-08,0,7
12,2020-06-08,0,4
12,2020-06-08,10,5
9,2020-06-08,2,0
16,2020-06-05,0,15
16,2020-06-05,1,0
13,2020-06-05,2,2
11,2020-06-05,1,1
11,2020-06-05,0,6
11,2020-06-04,3,1
9,2020-06-04,6,1
18,2020-06-03,9,2
16,2020-06-03,0,13
16,2020-06-03,0,0
15,2020-06-02,6,2
16,2020-06-01,0,7
16,2020-06-01,0,2
16,2020-06-01,0,3
16,2020-06-01,0,3
16,2020-06-01,0,10
15,2020-06-01,0,0
18,2020-05-29,0,11
18,2020-05-29,0,14
15,2020-05-29,0,0
15,2020-05-29,0,12
15,2020-05-29,0,4
16,2020-05-28,5,1
11,2020-05-28,1,0
7,2020-05-28,0,4
7,2020-05-28,0,1
7,2020-05-28,0,11
7,2020-05-28,0,10
21,2020-05-27,0,6
21,2020-05-27,0,5
17,2020-05-27,6,3
16,2020-05-27,1,2
9,2020-05-27,0,1
17,2020-05-26,5,3
14,2020-05-25,6,3
14,2020-05-22,0,16
14,2020-05-22,0,0
13,2020-05-21,4,2
12,2020-05-21,7,7
18,2020-05-20,3,0
15,2020-05-20,5,4
14,2020-05-20,0,7
14,2020-05-20,4,0
12,2020-05-20,1,2
18,2020-05-19,3,0
15,2020-05-19,0,0
14,2020-05-19,0,1
12,2020-05-19,0,2
8,2020-05-19,0,5
18,2020-05-18,2,3
12,2020-05-18,3,2
11,2020-05-18,0,8
11,2020-05-18,0,5
10,2020-05-18,5,1
16,2020-05-17,1,0
11,2020-05-17,2,1
9,2020-05-17,0,6
9,2020-05-17,0,5
9,2020-05-17,0,19
9,2020-05-17,0,26
18,2020-05-15,3,2
15,2020-05-15,2,1
14,2020-05-15,0,2
12,2020-05-15,1,1
18,2020-05-14,3,1
16,2020-05-14,4,3
12,2020-05-14,2,1
18,2020-05-13,0,1
16,2020-05-13,0,2
16,2020-05-13,17,9
12,2020-05-13,4,1
8,2020-05-13,0,10
7,2020-05-13,4,2
18,2020-05-12,1,1
17,2020-05-12,0,5
12,2020-05-12,3,2
12,2020-05-12,4,3
12,2020-05-11,2,0
19,2020-05-10,0,15
19,2020-05-10,0,11
19,2020-05-10,0,14
19,2020-05-10,0,7
19,2020-05-10,0,11
17,2020-05-08,3,1
10,2020-05-08,0,3
10,2020-05-08,1,0
15,2020-05-07,0,4
14,2020-05-07,5,1
11,2020-05-06,0,15
10,2020-05-06,23,12
15,2020-05-05,7,5
16,2020-05-04,4,1
16,2020-05-04,6,2
13,2020-05-04,0,0
12,2020-05-01,4,2
14,2020-04-30,2,0
7,2020-04-30,0,7
7,2020-04-30,0,5
17,2020-04-29,1,0
17,2020-04-29,0,6
16,2020-04-29,2,1
16,2020-04-28,1,1
12,2020-04-28,3,2
19,2020-04-27,6,5
12,2020-04-27,0,0
11,2020-04-27,3,0
10,2020-04-27,0,45
15,2020-04-24,2,0
15,2020-04-23,1,1
14,2020-04-23,0,0
11,2020-04-23,7,1
13,2020-04-22,3,0
9,2020-04-22,0,97
15,2020-04-21,1,2
10,2020-04-21,0,20
16,2020-04-20,0,18
15,2020-04-17,0,1
9,2020-04-17,0,13
15,2020-04-16,0,0
12,2020-04-16,0,1
11,2020-04-16,2,1
14,2020-04-15,0,21
14,2020-04-15,3,1
12,2020-04-15,1,1
9,2020-04-15,1,0
8,2020-04-15,2,0
18,2020-04-14,2,1
17,2020-04-14,0,28
17,2020-04-14,0,8
16,2020-04-14,8,1
10,2020-04-09,1,0
18,2020-04-08,0,7
18,2020-04-08,0,7
18,2020-04-08,0,15
18,2020-04-08,0,15
18,2020-04-08,0,11
18,2020-04-08,0,19
18,2020-04-08,0,9
18,2020-04-08,0,22
18,2020-04-08,0,1
18,2020-04-08,0,15
18,2020-04-08,0,10
18,2020-04-08,0,18
18,2020-04-08,0,8
18,2020-04-08,0,28
18,2020-04-08,1,0
16,2020-04-08,12,5
11,2020-04-08,0,3
18,2020-04-07,5,3
15,2020-04-07,26,11
12,2020-04-07,4,2
12,2020-04-07,7,5
18,2020-04-06,6,2
18,2020-04-06,2,1
12,2020-04-06,4,3
8,2020-04-06,1,0
7,2020-04-06,3,0
18,2020-04-04,1,0
18,2020-04-04,1,0
18,2020-04-04,2,0
18,2020-04-04,25,4
15,2020-04-03,1,0
15,2020-04-03,7,5
11,2020-04-02,9,5
10,2020-04-02,12,5
9,2020-04-01,2,3
12,2020-03-31,0,39
9,2020-03-30,4,0
19,2020-03-27,0,78
15,2020-03-27,0,37
12,2020-03-27,21,6
18,2020-03-26,0,11
12,2020-03-26,7,1
15,2020-03-25,4,1
21,2020-03-24,0,11
21,2020-03-24,0,5
21,2020-03-24,0,1
21,2020-03-24,0,1
12,2020-03-24,7,8
15,2020-03-23,3,0
13,2020-03-23,1,0
13,2020-03-23,0,44
20,2020-03-21,0,33
17,2020-03-20,10,4
10,2020-03-20,0,7
10,2020-03-20,2,1
8,2020-03-20,0,0
17,2020-03-19,0,0
12,2020-03-19,4,0
11,2020-03-19,0,10
11,2020-03-19,0,13
14,2020-03-18,1,0
16,2020-03-16,0,13
16,2020-03-16,5,2
16,2020-03-13,0,1
14,2020-03-13,1,0
13,2020-03-12,0,0
13,2020-03-12,0,1
10,2020-03-12,0,3
10,2020-03-12,5,2
9,2020-03-12,0,6
9,2020-03-12,0,3
9,2020-03-12,0,11
19,2020-03-11,0,0
16,2020-03-11,1,0
13,2020-03-11,2,0
9,2020-03-11,5,2
14,2020-03-10,1,1
11,2020-03-10,0,1
11,2020-03-10,3,1
15,2020-03-09,6,1
13,2020-03-08,2,0
19,2020-03-06,1,0
17,2020-03-06,2,2
16,2020-03-06,0,0
13,2020-03-06,3,1
17,2020-03-05,2,0
17,2020-03-05,0,0
16,2020-03-05,0,1
16,2020-03-05,0,3
15,2020-03-05,1,0
15,2020-03-05,1,0
14,2020-03-05,1,1
13,2020-03-05,0,0
10,2020-03-05,6,2
20,2020-03-04,8,3
18,2020-03-04,6,1
18,2020-03-04,2,0
13,2020-03-04,7,1
10,2020-03-04,0,16
10,2020-03-04,0,2
10,2020-03-04,13,5
13,2020-03-03,2,0
12,2020-03-01,5,3
10,2020-02-29,2,1
13,2020-02-28,3,1
11,2020-02-28,2,0
13,2020-02-27,2,0
10,2020-02-27,3,1
17,2020-02-26,2,0
12,2020-02-26,0,12
12,2020-02-26,0,18
13,2020-02-25,2,0
11,2020-02-25,2,3
11,2020-02-25,1,1
19,2020-02-24,2,0
13,2020-02-24,4,2
13,2020-02-21,2,2
12,2020-02-21,4,1
8,2020-02-21,2,1
13,2020-02-20,0,1
13,2020-02-20,2,0
12,2020-02-20,4,1
11,2020-02-20,0,3
16,2020-02-19,5,0
16,2020-02-19,3,1
16,2020-02-19,2,0
16,2020-02-19,4,2
15,2020-02-19,5,2
13,2020-02-19,0,4
13,2020-02-19,0,6
12,2020-02-19,3,0
18,2020-02-18,6,1
13,2020-02-18,0,103
13,2020-02-18,14,12
12,2020-02-18,8,2
17,2020-02-17,4,1
16,2020-02-17,5,0
15,2020-02-17,3,1
15,2020-02-17,0,5
13,2020-02-17,3,2
16,2020-02-14,3,0
12,2020-02-14,11,3
19,2020-02-13,2,3
16,2020-02-13,4,1
15,2020-02-13,0,13
15,2020-02-13,5,2
13,2020-02-13,3,0
11,2020-02-13,5,1
11,2020-02-13,0,3
9,2020-02-13,7,1
21,2020-02-12,0,3
16,2020-02-12,5,2
13,2020-02-12,1,0
11,2020-02-12,6,1
18,2020-02-11,0,90
18,2020-02-11,0,63
18,2020-02-11,0,68
18,2020-02-11,0,71
13,2020-02-11,2,1
10,2020-02-11,0,16
10,2020-02-11,0,5
10,2020-02-11,0,5
10,2020-02-11,0,14
10,2020-02-11,11,4
15,2020-02-10,5,1
14,2020-02-10,9,2
13,2020-02-10,3,0
9,2020-02-10,7,3
11,2020-02-07,3,1
10,2020-02-07,0,2
10,2020-02-07,3,0
16,2020-02-06,4,1
15,2020-02-05,4,1
13,2020-02-05,2,0
11,2020-02-05,2,0
21,2020-02-04,5,1
17,2020-02-04,1,0
16,2020-02-04,4,3
13,2020-02-04,0,0
13,2020-02-03,7,2
12,2020-02-03,0,5
11,2020-02-03,0,4
11,2020-02-03,4,1
12,2020-01-31,0,14
12,2020-01-31,0,6
11,2020-01-31,5,2
16,2020-01-30,4,0
14,2020-01-30,0,1
13,2020-01-30,3,1
12,2020-01-30,10,1
12,2020-01-30,10,1
15,2020-01-29,1,1
13,2020-01-29,3,1
11,2020-01-29,14,5
19,2020-01-28,7,0
13,2020-01-28,3,0
13,2020-01-28,0,1
11,2020-01-28,5,3
19,2020-01-27,4,0
13,2020-01-27,4,0
12,2020-01-27,0,18
11,2020-01-27,1,2
9,2020-01-27,7,2
9,2020-01-27,0,1
23,2020-01-26,0,17
19,2020-01-24,2,1
17,2020-01-24,0,3
17,2020-01-24,0,8
16,2020-01-24,4,1
15,2020-01-24,2,2
14,2020-01-24,0,2
13,2020-01-24,0,0
19,2020-01-23,2,1
13,2020-01-23,4,2
15,2020-01-22,4,2
14,2020-01-22,0,26
12,2020-01-22,6,3
13,2020-01-21,1,0
13,2020-01-21,1,0
12,2020-01-21,6,4
19,2020-01-20,3,2
16,2020-01-20,0,5
16,2020-01-20,6,1
12,2020-01-20,0,8
12,2020-01-20,0,18
19,2020-01-19,3,2
13,2020-01-19,3,2
19,2020-01-17,1,0
13,2020-01-17,4,1
10,2020-01-17,2,1
19,2020-01-16,3,1
15,2020-01-16,4,1
15,2020-01-16,5,2
14,2020-01-16,0,15
13,2020-01-16,4,1
13,2020-01-16,0,13
13,2020-01-15,1,0
10,2020-01-15,13,7
9,2020-01-15,0,5
14,2020-01-14,5,5
14,2020-01-14,3,1
14,2020-01-13,0,19
13,2020-01-13,2,0
13,2020-01-12,1,0
19,2020-01-10,1,1
14,2020-01-10,3,3
13,2020-01-10,2,0
12,2020-01-10,0,610
12,2020-01-10,0,18
15,2020-01-09,5,0
13,2020-01-09,2,2
22,2020-01-08,0,15
22,2020-01-08,0,6
22,2020-01-08,0,11
22,2020-01-08,0,14
22,2020-01-08,0,23
22,2020-01-08,0,11
14,2020-01-08,0,5
13,2020-01-08,2,0
13,2020-01-08,3,1
15,2020-01-07,1,2
13,2020-01-07,5,3
9,2020-01-07,4,1
12,2019-12-31,2,1
12,2019-12-30,1,2
12,2019-12-22,0,4
12,2019-12-22,2,2
20,2019-12-19,0,43
20,2019-12-19,0,10
20,2019-12-19,0,17
20,2019-12-19,0,22
20,2019-12-19,0,11
13,2019-12-19,0,2
12,2019-12-19,0,2
15,2019-12-18,3,0
15,2019-12-18,5,1
11,2019-12-18,1,2
14,2019-12-17,0,6
10,2019-12-17,2,2
16,2019-12-16,7,4
12,2019-12-13,1,0
12,2019-12-13,0,13
12,2019-12-13,0,4
12,2019-12-13,1,1
11,2019-12-13,0,4
16,2019-12-12,8,2
15,2019-12-12,8,3
13,2019-12-12,3,1
10,2019-12-12,2,1
8,2019-12-12,0,11
11,2019-12-11,4,0
14,2019-12-10,2,2
13,2019-12-10,3,1
13,2019-12-10,1,1
12,2019-12-10,5,2
16,2019-12-09,5,1
15,2019-12-09,2,2
12,2019-12-09,0,10
12,2019-12-09,0,7
12,2019-12-09,0,7
11,2019-12-09,3,2
10,2019-12-09,2,1
20,2019-12-06,4,1
15,2019-12-06,0,6
13,2019-12-05,8,1
12,2019-12-05,0,8
12,2019-12-05,0,4
12,2019-12-05,0,7
18,2019-12-04,0,5
15,2019-12-04,0,2
13,2019-12-04,5,1
13,2019-12-04,3,0
13,2019-12-04,4,1
13,2019-12-04,2,0
12,2019-12-04,0,9
10,2019-12-04,4,1
10,2019-12-04,0,7
15,2019-12-03,4,3
12,2019-12-03,0,19
11,2019-12-03,0,0
10,2019-12-03,4,1
18,2019-12-02,0,20
18,2019-12-02,0,20
18,2019-12-02,0,5
18,2019-12-02,0,4
18,2019-12-02,0,10
18,2019-12-02,0,19
18,2019-12-02,0,5
18,2019-12-02,0,19
18,2019-12-02,0,16
18,2019-12-02,0,20
18,2019-12-02,0,26
13,2019-12-02,3,5
12,2019-12-02,0,1
11,2019-12-02,0,4
15,2019-11-29,3,2
11,2019-11-29,3,3
18,2019-11-28,2,1
17,2019-11-28,4,0
12,2019-11-27,3,0
9,2019-11-27,2,2
19,2019-11-26,1,0
12,2019-11-26,5,1
16,2019-11-25,6,0
9,2019-11-25,4,3
12,2019-11-24,4,2
13,2019-11-22,0,0
12,2019-11-22,6,2
16,2019-11-21,1,0
9,2019-11-21,3,2
18,2019-11-20,2,0
18,2019-11-20,11,0
17,2019-11-20,0,11
13,2019-11-20,3,0
12,2019-11-20,4,1
10,2019-11-20,1,0
17,2019-11-19,4,2
16,2019-11-19,2,0
13,2019-11-19,4,1
20,2019-11-18,1,0
17,2019-11-18,5,1
17,2019-11-18,0,2
13,2019-11-18,1,0
11,2019-11-18,4,2
12,2019-11-17,0,2
12,2019-11-17,8,1
13,2019-11-15,6,1
13,2019-11-14,10,3
12,2019-11-14,10,2
11,2019-11-14,2,2
9,2019-11-14,3,0
14,2019-11-13,0,2
14,2019-11-13,3,0
14,2019-11-13,0,1
13,2019-11-13,4,1
13,2019-11-12,1,0
11,2019-11-12,4,1
23,2019-11-11,0,24
23,2019-11-11,0,8
15,2019-11-11,1,0
13,2019-11-11,2,1
9,2019-11-08,5,1
9,2019-11-08,0,1
9,2019-11-08,0,2
9,2019-11-08,0,1
9,2019-11-08,0,2
9,2019-11-08,0,1
9,2019-11-08,0,1
9,2019-11-08,0,2
9,2019-11-08,0,2
9,2019-11-08,0,3
9,2019-11-08,0,3
9,2019-11-08,0,1
9,2019-11-08,0,3
9,2019-11-08,0,1
9,2019-11-08,0,7
9,2019-11-08,0,1
9,2019-11-08,0,3
9,2019-11-08,0,2
8,2019-11-08,5,4
16,2019-11-07,2,1
14,2019-11-07,10,7
10,2019-11-07,2,2
10,2019-11-07,0,59
14,2019-11-06,5,2
13,2019-11-06,4,1
13,2019-11-06,0,7
13,2019-11-06,0,7
13,2019-11-06,1,0
11,2019-11-06,6,2
13,2019-11-05,4,2
16,2019-11-04,2,1
13,2019-11-04,4,0
13,2019-11-03,3,3
13,2019-11-03,2,0
20,2019-11-02,2,1
15,2019-10-31,0,2
13,2019-10-31,4,1
11,2019-10-31,3,0
9,2019-10-31,4,0
9,2019-10-31,3,1
20,2019-10-30,2,0
14,2019-10-30,2,0
13,2019-10-30,1,1
13,2019-10-30,0,4
13,2019-10-30,5,2
10,2019-10-30,8,3
20,2019-10-29,2,1
15,2019-10-29,14,6
14,2019-10-29,4,1
13,2019-10-29,1,0
12,2019-10-29,0,7
11,2019-10-29,0,2
10,2019-10-29,9,1
9,2019-10-29,6,2
14,2019-10-28,2,0
9,2019-10-28,3,1
8,2019-10-28,0,1
13,2019-10-25,8,5
12,2019-10-25,4,2
12,2019-10-25,3,0
8,2019-10-25,3,2
8,2019-10-25,0,2
19,2019-10-24,4,0
14,2019-10-24,4,2
13,2019-10-24,1,0
12,2019-10-24,1,1
12,2019-10-24,1,0
10,2019-10-24,3,0
19,2019-10-23,2,1
15,2019-10-23,4,1
12,2019-10-23,5,2
10,2019-10-23,5,0
16,2019-10-22,3,0
15,2019-10-22,4,1
12,2019-10-22,1,0
10,2019-10-22,3,1
19,2019-10-21,1,0
14,2019-10-21,0,3
12,2019-10-21,4,0
10,2019-10-21,6,2
9,2019-10-21,4,0
19,2019-10-20,1,0
11,2019-10-20,1,2
19,2019-10-19,0,1
12,2019-10-19,4,1
13,2019-10-18,4,1
12,2019-10-18,1,1
12,2019-10-18,1,0
10,2019-10-18,2,0
14,2019-10-17,6,1
13,2019-10-17,3,0
12,2019-10-17,0,0
12,2019-10-17,0,1
12,2019-10-17,0,1
12,2019-10-17,0,0
11,2019-10-17,5,2
15,2019-10-16,4,0
12,2019-10-16,0,0
14,2019-10-15,4,0
12,2019-10-15,2,0
12,2019-10-14,10,4
12,2019-10-14,2,0
19,2019-10-13,3,2
19,2019-10-12,0,2
14,2019-10-11,2,2
13,2019-10-11,5,4
12,2019-10-11,3,0
10,2019-10-11,1,0
13,2019-10-10,6,0
12,2019-10-10,2,0
10,2019-10-10,4,2
9,2019-10-10,6,3
12,2019-10-09,2,0
17,2019-10-08,0,2
16,2019-10-08,2,0
12,2019-10-08,1,0
10,2019-10-08,1,0
10,2019-10-08,0,6
17,2019-10-07,0,1
13,2019-10-07,3,1
12,2019-10-07,4,2
11,2019-10-07,1,1
19,2019-10-06,2,1
11,2019-10-06,5,1
19,2019-10-05,1,0
11,2019-10-05,2,1
14,2019-10-04,1,0
12,2019-10-04,2,0
11,2019-10-04,2,0
10,2019-10-04,11,6
18,2019-10-03,0,2
14,2019-10-03,3,0
12,2019-10-03,2,1
12,2019-10-03,1,0
10,2019-10-03,4,2
10,2019-10-03,10,4
8,2019-10-03,2,2
15,2019-10-02,0,10
14,2019-10-02,5,4
12,2019-10-02,0,0
10,2019-10-02,8,4
7,2019-10-02,0,2
19,2019-10-01,1,0
14,2019-10-01,2,1
10,2019-10-01,1,0
8,2019-10-01,5,3
14,2019-09-30,0,5
14,2019-09-30,2,0
12,2019-09-30,1,1
11,2019-09-29,3,2
6,2019-09-29,3,0
11,2019-09-28,0,2
14,2019-09-27,2,1
12,2019-09-27,0,4
11,2019-09-27,4,1
13,2019-09-26,5,1
10,2019-09-26,0,3
9,2019-09-26,2,0
14,2019-09-25,2,1
13,2019-09-25,4,2
11,2019-09-25,0,5
11,2019-09-25,17,4
8,2019-09-25,2,0
14,2019-09-24,3,1
14,2019-09-24,0,3
12,2019-09-24,9,0
10,2019-09-24,0,4
10,2019-09-24,7,5
14,2019-09-23,10,1
13,2019-09-23,1,1
10,2019-09-23,6,3
11,2019-09-21,5,2
11,2019-09-20,6,8
9,2019-09-20,0,3
14,2019-09-19,0,0
14,2019-09-19,2,1
9,2019-09-19,6,1
14,2019-09-18,6,0
11,2019-09-18,6,3
8,2019-09-18,0,2
12,2019-09-17,4,0
10,2019-09-17,5,0
8,2019-09-17,1,0
12,2019-09-16,5,5
10,2019-09-16,4,0
7,2019-09-16,0,3
9,2019-09-14,3,0
12,2019-09-13,0,2
11,2019-09-13,4,3
11,2019-09-12,6,1
10,2019-09-12,12,4
12,2019-09-11,8,3
10,2019-09-11,5,0
12,2019-09-10,1,0
12,2019-09-09,0,3
11,2019-09-09,6,1
12,2019-09-06,15,3
9,2019-09-06,0,4
8,2019-09-06,5,1
13,2019-09-05,8,0
10,2019-09-05,5,1
11,2019-09-04,4,2
11,2019-09-03,1,0
11,2019-09-02,7,2
11,2019-08-29,10,3
11,2019-08-28,1,0
11,2019-08-27,0,0
11,2019-08-23,1,1
11,2019-08-22,13,5
11,2019-08-20,4,0
11,2019-08-16,2,5
11,2019-08-15,7,0
12,2019-08-09,2,0
11,2019-08-08,2,0
11,2019-08-06,2,0
11,2019-08-01,6,1
15,2019-07-31,4,0
13,2019-07-31,0,3
12,2019-07-31,5,1
12,2019-07-30,8,1
10,2019-07-30,8,3
12,2019-07-29,3,1
11,2019-07-29,14,5
9,2019-07-29,3,2
12,2019-07-26,5,0
11,2019-07-26,8,4
10,2019-07-26,1,0
14,2019-07-25,5,1
12,2019-07-25,5,1
11,2019-07-25,7,2
11,2019-07-24,5,1
9,2019-07-24,9,3
9,2019-07-24,2,0
11,2019-07-23,3,0
10,2019-07-23,4,1
12,2019-07-22,8,3
10,2019-07-22,11,4
8,2019-07-22,0,7
7,2019-07-22,1,1
12,2019-07-19,5,1
10,2019-07-19,4,1
12,2019-07-18,3,1
10,2019-07-18,3,1
11,2019-07-17,10,6
12,2019-07-16,11,2
10,2019-07-16,1,1
12,2019-07-15,3,0
11,2019-07-15,11,4
12,2019-07-12,0,0
11,2019-07-12,3,1
11,2019-07-11,4,0
10,2019-07-11,0,0
10,2019-07-11,0,0
9,2019-07-11,2,0
13,2019-07-10,0,1
11,2019-07-10,3,0
9,2019-07-10,0,0
8,2019-07-10,0,0
10,2019-07-09,0,9
10,2019-07-09,6,3
10,2019-07-09,4,3
8,2019-07-09,3,0
16,2019-07-08,2,1
11,2019-07-08,19,6
12,2019-07-05,0,1
11,2019-07-05,0,2
9,2019-07-05,1,0
11,2019-07-04,6,4
15,2019-07-03,7,2
12,2019-07-03,2,0
12,2019-07-03,2,0
11,2019-07-03,10,1
12,2019-07-02,7,4
12,2019-07-02,0,13
10,2019-07-01,2,3
12,2019-06-28,5,2
12,2019-06-28,0,3
11,2019-06-28,3,1
12,2019-06-27,1,0
11,2019-06-27,2,0
12,2019-06-26,1,1
16,2019-06-25,6,1
11,2019-06-25,2,1
11,2019-06-25,3,1
10,2019-06-25,2,1
10,2019-06-25,5,1
12,2019-06-21,2,0
11,2019-06-21,0,7
10,2019-06-21,8,5
9,2019-06-21,1,0
8,2019-06-21,3,1
12,2019-06-20,0,2
12,2019-06-20,1,0
11,2019-06-20,7,0
9,2019-06-20,9,2
12,2019-06-19,6,1
12,2019-06-19,2,0
11,2019-06-19,5,1
11,2019-06-18,12,5
10,2019-06-18,3,1
8,2019-06-18,0,6
10,2019-06-17,5,1
12,2019-06-14,5,2
10,2019-06-14,7,1
14,2019-06-13,5,2
12,2019-06-13,0,0
11,2019-06-13,4,2
9,2019-06-13,7,2
22,2019-06-12,4,2
18,2019-06-12,3,0
11,2019-06-12,7,6
9,2019-06-12,3,1
12,2019-06-11,10,5
11,2019-06-11,3,0
12,2019-06-10,5,3
12,2019-06-10,0,8
11,2019-06-10,1,0
10,2019-06-10,1,0
18,2019-06-08,7,3
15,2019-06-07,3,4
12,2019-06-07,10,10
12,2019-06-07,4,2
11,2019-06-07,7,3
10,2019-06-07,5,2
11,2019-06-06,3,2
15,2019-06-05,4,2
14,2019-06-05,5,1
14,2019-06-05,0,26
12,2019-06-05,2,1
11,2019-06-05,15,8
14,2019-06-04,8,3
12,2019-06-04,7,3
9,2019-06-04,5,2
11,2019-06-03,2,0
10,2019-06-03,1,2
12,2019-05-31,8,3
14,2019-05-30,11,2
14,2019-05-30,0,3
12,2019-05-30,6,0
11,2019-05-30,10,4
8,2019-05-30,8,5
16,2019-05-29,13,4
16,2019-05-29,0,3
16,2019-05-29,0,9
16,2019-05-29,0,1
16,2019-05-29,0,2
16,2019-05-29,0,15
16,2019-05-29,0,1
16,2019-05-29,0,8
16,2019-05-29,0,7
16,2019-05-29,0,3
16,2019-05-29,0,1
16,2019-05-29,0,1
16,2019-05-29,0,5
16,2019-05-29,0,3
16,2019-05-29,0,4
16,2019-05-29,0,9
16,2019-05-29,0,2
16,2019-05-29,0,10
16,2019-05-29,0,11
16,2019-05-29,0,20
15,2019-05-29,23,13
13,2019-05-29,0,17
12,2019-05-29,12,5
9,2019-05-29,2,0
9,2019-05-29,26,13
9,2019-05-29,22,14
12,2019-05-28,8,4
10,2019-05-28,3,1
10,2019-05-28,0,1
9,2019-05-28,2,0
9,2019-05-28,0,0
12,2019-05-27,0,1
12,2019-05-24,6,0
12,2019-05-24,9,2
11,2019-05-24,6,1
6,2019-05-24,0,3
18,2019-05-23,4,0
11,2019-05-23,6,2
9,2019-05-23,2,0
20,2019-05-22,8,1
12,2019-05-22,3,0
12,2019-05-20,4,3
10,2019-05-17,10,6
11,2019-05-16,6,1
10,2019-05-16,3,1
9,2019-05-16,6,1
17,2019-05-15,5,2
14,2019-05-15,4,0
11,2019-05-15,4,2
11,2019-05-14,6,2
6,2019-05-14,0,1
11,2019-05-13,0,1
11,2019-05-13,3,0
12,2019-05-10,10,3
11,2019-05-10,5,2
17,2019-05-09,9,4
17,2019-05-09,4,0
16,2019-05-09,0,3
14,2019-05-09,4,1
11,2019-05-09,4,1
9,2019-05-09,4,2
9,2019-05-09,8,4
18,2019-05-08,6,2
14,2019-05-08,0,3
13,2019-05-08,0,3
12,2019-05-08,2,0
11,2019-05-08,3,1
12,2019-05-07,0,4
12,2019-05-07,9,2
11,2019-05-07,11,2
10,2019-05-07,0,1
10,2019-05-07,0,2
12,2019-05-06,3,1
12,2019-05-06,0,1
12,2019-05-06,0,1
11,2019-05-06,5,1
12,2019-05-03,7,1
10,2019-05-03,10,6
16,2019-05-02,1,0
12,2019-05-02,2,1
11,2019-05-02,5,2
10,2019-04-30,3,2
16,2019-04-27,6,3
18,2019-04-26,8,4
12,2019-04-26,1,0
12,2019-04-26,1,0
10,2019-04-25,2,1
10,2019-04-25,3,1
10,2019-04-25,5,1
12,2019-04-24,2,0
11,2019-04-24,13,3
10,2019-04-24,0,1
7,2019-04-24,0,1
12,2019-04-23,5,2
8,2019-04-23,13,7
12,2019-04-17,6,4
11,2019-04-17,0,1
9,2019-04-16,3,0
11,2019-04-15,3,3
9,2019-04-15,8,5
17,2019-04-12,12,5
11,2019-04-12,3,0
22,2019-04-11,6,3
12,2019-04-11,11,4
9,2019-04-11,6,1
19,2019-04-10,6,3
17,2019-04-10,8,2
10,2019-04-10,0,2
10,2019-04-09,4,1
10,2019-04-09,16,5
10,2019-04-08,8,4
12,2019-04-06,9,3
12,2019-04-05,8,3
10,2019-04-05,2,1
9,2019-04-05,1,1
17,2019-04-04,3,1
14,2019-04-04,1,0
11,2019-04-04,14,7
9,2019-04-03,0,0
11,2019-04-02,1,0
11,2019-04-02,4,0
18,2019-04-01,0,3
11,2019-04-01,0,6
7,2019-04-01,0,5
13,2019-03-29,18,6
11,2019-03-29,5,4
15,2019-03-28,4,3
12,2019-03-28,2,1
12,2019-03-28,7,2
9,2019-03-28,0,1
9,2019-03-28,0,2
16,2019-03-27,0,2
16,2019-03-27,0,3
13,2019-03-27,6,1
12,2019-03-26,0,1
13,2019-03-25,3,1
9,2019-03-25,6,1
8,2019-03-25,0,2
12,2019-03-22,5,3
11,2019-03-22,7,2
12,2019-03-21,3,1
10,2019-03-21,5,1
12,2019-03-20,5,0
13,2019-03-15,13,5
11,2019-03-15,8,4
9,2019-03-15,2,1
14,2019-03-14,0,2
10,2019-03-14,13,1
18,2019-03-13,0,2
15,2019-03-13,8,2
14,2019-03-12,8,3
13,2019-03-12,0,1
11,2019-03-12,2,1
10,2019-03-12,2,0
9,2019-03-11,6,3
9,2019-03-11,0,3
12,2019-03-08,13,4
9,2019-03-08,14,5
11,2019-03-07,5,1
9,2019-03-07,2,1
15,2019-03-06,12,3
13,2019-03-04,9,2
10,2019-03-04,2,1
19,2019-02-28,8,3
12,2019-02-28,10,4
12,2019-02-28,8,3
20,2019-02-27,8,6
19,2019-02-27,1,1
19,2019-02-27,0,0
18,2019-02-27,12,8
12,2019-02-27,11,5
18,2019-02-26,15,11
17,2019-02-26,3,1
17,2019-02-26,6,1
13,2019-02-26,4,4
13,2019-02-25,1,1
14,2019-02-22,0,2
14,2019-02-22,0,4
14,2019-02-22,1,2
9,2019-02-22,1,0
9,2019-02-22,1,0
20,2019-02-21,9,7
19,2019-02-21,4,0
18,2019-02-21,13,5
13,2019-02-21,2,0
12,2019-02-21,5,3
15,2019-02-20,7,2
15,2019-02-14,6,2
15,2019-02-14,5,1
13,2019-02-14,1,0
13,2019-02-14,7,1
9,2019-02-11,4,2
8,2019-02-11,0,2
8,2019-02-11,0,2
8,2019-02-11,2,2
16,2019-02-08,9,4
18,2019-02-07,12,5
18,2019-02-07,4,2
18,2019-02-07,0,2
10,2019-02-07,4,0
14,2019-02-06,0,1
16,2019-02-04,5,2
15,2019-02-04,1,0
13,2019-02-01,5,4
19,2019-01-31,8,1
18,2019-01-31,0,1
10,2019-01-31,5,0
11,2019-01-28,3,1
7,2019-01-28,0,2
16,2019-01-25,2,0
15,2019-01-25,4,3
11,2019-01-25,0,18
14,2019-01-24,4,3
14,2019-01-21,4,1
13,2019-01-18,4,1
11,2019-01-18,4,1
11,2019-01-18,2,0
23,2019-01-17,5,3
12,2019-01-17,0,1
10,2019-01-17,3,1
9,2019-01-17,3,1
9,2019-01-17,0,1
13,2019-01-16,1,0
12,2019-01-16,2,2
9,2019-01-16,4,0
9,2019-01-16,4,1
7,2019-01-16,0,3
10,2019-01-15,0,2
9,2019-01-15,0,2
7,2019-01-15,0,1
11,2019-01-14,0,1
11,2019-01-14,0,2
8,2019-01-14,0,3
16,2019-01-11,0,18
16,2019-01-11,2,0
13,2019-01-10,19,8
13,2019-01-10,4,2
15,2019-01-09,0,2
15,2019-01-09,3,2
11,2019-01-09,0,4
10,2018-12-20,13,3
18,2018-12-19,8,2
18,2018-12-19,2,0
17,2018-12-19,9,5
11,2018-12-19,0,1
8,2018-12-19,0,6
16,2018-12-18,5,3
10,2018-12-18,0,5
10,2018-12-18,0,1
10,2018-12-18,0,1
15,2018-12-17,4,0
13,2018-12-17,0,4
13,2018-12-17,0,1
10,2018-12-17,0,1
10,2018-12-14,4,0
15,2018-12-13,9,4
12,2018-12-13,15,13
7,2018-12-13,0,2
15,2018-12-12,1,0
10,2018-12-12,0,3
12,2018-12-11,5,2
16,2018-12-10,15,7
12,2018-12-10,4,1
15,2018-12-05,2,1
14,2018-12-05,1,0
14,2018-12-05,0,2
9,2018-12-05,1,1
16,2018-12-04,8,1
14,2018-12-03,0,2
9,2018-11-30,1,0
13,2018-11-29,1,0
12,2018-11-29,8,2
11,2018-11-29,12,5
11,2018-11-28,1,0
10,2018-11-28,2,2
11,2018-11-27,6,2
13,2018-11-26,3,0
15,2018-11-23,2,0
12,2018-11-22,0,1
12,2018-11-22,0,5
12,2018-11-22,0,7
12,2018-11-22,0,1
10,2018-11-22,5,0
9,2018-11-22,16,3
15,2018-11-21,2,0
10,2018-11-20,2,0
17,2018-11-16,0,6
17,2018-11-16,2,0
17,2018-11-16,1,1
12,2018-11-16,6,3
20,2018-11-15,10,2
11,2018-11-15,4,1
14,2018-11-09,1,0
10,2018-11-09,0,0
10,2018-11-09,0,3
9,2018-11-09,2,2
15,2018-11-08,1,0
9,2018-11-08,10,6
15,2018-11-07,4,0
15,2018-11-07,3,1
15,2018-11-07,4,0
15,2018-11-07,0,74
15,2018-11-07,0,285
15,2018-11-07,0,136
13,2018-11-07,3,0
12,2018-11-07,5,0
9,2018-11-07,0,18
17,2018-11-06,1,0
17,2018-11-06,7,4
17,2018-11-06,3,2
17,2018-11-06,0,14
17,2018-11-06,2,1
13,2018-11-06,1,0
11,2018-11-06,0,1
13,2018-11-05,3,0
10,2018-10-30,2,0
9,2018-10-30,1,0
15,2018-10-29,0,2
12,2018-10-29,4,0
10,2018-10-26,4,1
10,2018-10-25,9,1
17,2018-10-23,0,2
17,2018-10-23,0,2
17,2018-10-23,0,2
17,2018-10-23,0,1
17,2018-10-23,0,1
17,2018-10-23,0,5
17,2018-10-23,0,2
17,2018-10-23,0,6
17,2018-10-23,0,4
14,2018-10-23,0,4
14,2018-10-23,0,1
14,2018-10-23,0,4
14,2018-10-23,0,2
14,2018-10-23,0,2
14,2018-10-23,0,4
14,2018-10-23,10,1
12,2018-10-23,0,2
12,2018-10-23,0,3
12,2018-10-23,0,2
12,2018-10-23,0,2
12,2018-10-23,0,5
11,2018-10-23,0,4
11,2018-10-23,0,5
11,2018-10-23,0,3
11,2018-10-23,0,4
11,2018-10-23,0,13
11,2018-10-23,0,6
10,2018-10-23,13,4
9,2018-10-23,7,1
6,2018-10-22,0,3
15,2018-10-19,1,0
10,2018-10-19,2,0
10,2018-10-18,8,1
9,2018-10-18,2,1
6,2018-10-18,0,7
17,2018-10-17,4,1
9,2018-10-17,5,0
12,2018-10-16,3,3
12,2018-10-16,3,0
9,2018-10-15,6,2
9,2018-10-15,3,1
10,2018-10-11,5,1
15,2018-10-09,3,1
14,2018-10-05,0,6
14,2018-10-05,1,0
13,2018-10-05,1,0
10,2018-10-05,2,0
9,2018-10-05,2,1
9,2018-10-05,0,9
14,2018-10-04,2,1
12,2018-10-04,10,2
11,2018-10-03,3,0
7,2018-10-03,0,1
14,2018-10-02,6,2
9,2018-10-02,1,0
11,2018-10-01,6,0
14,2018-09-28,4,1
10,2018-09-28,4,0
7,2018-09-28,3,2
13,2018-09-27,5,0
13,2018-09-27,0,5
11,2018-09-27,4,1
10,2018-09-27,7,0
15,2018-09-26,4,0
10,2018-09-26,7,2
14,2018-09-25,0,2
11,2018-09-24,0,12
11,2018-09-24,2,1
9,2018-09-21,2,0
12,2018-09-20,4,0
10,2018-09-20,14,2
15,2018-09-19,7,3
14,2018-09-19,7,3
8,2018-09-19,0,2
15,2018-09-18,3,2
13,2018-09-18,2,1
8,2018-09-18,0,16
8,2018-09-18,2,0
11,2018-09-17,10,2
9,2018-09-17,3,1
9,2018-09-17,0,2
8,2018-09-14,6,0
13,2018-09-13,1,0
12,2018-09-13,7,1
10,2018-09-13,17,12
9,2018-09-13,4,3
13,2018-09-12,5,1
9,2018-09-12,0,1
9,2018-09-12,0,1
9,2018-09-12,6,2
15,2018-09-11,4,0
12,2018-09-11,3,2
12,2018-09-11,4,2
9,2018-09-11,10,2
8,2018-09-10,8,3
15,2018-09-07,10,6
15,2018-09-07,4,2
15,2018-09-07,0,13
8,2018-09-07,4,1
10,2018-09-06,12,8
6,2018-09-06,0,1
11,2018-09-05,3,2
10,2018-09-05,2,1
8,2018-09-05,0,1
14,2018-09-04,2,0
6,2018-09-04,0,5
12,2018-09-03,0,4
12,2018-09-03,0,2
12,2018-09-03,0,2
12,2018-08-27,18,5
11,2018-08-03,0,1
8,2018-08-03,7,2
6,2018-08-03,0,1
6,2018-08-03,0,1
9,2018-08-02,0,6
9,2018-08-02,3,2
11,2018-08-01,1,0
11,2018-08-01,0,2
14,2018-07-31,6,3
11,2018-07-31,4,0
10,2018-07-31,0,1
10,2018-07-31,0,1
15,2018-07-30,3,2
11,2018-07-30,0,8
10,2018-07-30,0,1
8,2018-07-30,5,1
6,2018-07-30,0,2
10,2018-07-27,0,0
9,2018-07-27,1,0
8,2018-07-27,2,0
8,2018-07-27,3,1
13,2018-07-26,1,0
10,2018-07-26,16,8
15,2018-07-25,5,2
15,2018-07-25,0,5
15,2018-07-25,0,6
15,2018-07-25,0,12
15,2018-07-25,0,7
15,2018-07-25,0,7
15,2018-07-25,0,7
14,2018-07-25,3,4
14,2018-07-25,0,12
14,2018-07-25,0,9
7,2018-07-25,0,4
6,2018-07-25,0,8
12,2018-07-24,17,19
12,2018-07-24,5,4
7,2018-07-24,0,3
9,2018-07-23,3,2
13,2018-07-20,4,3
22,2018-07-19,11,6
22,2018-07-19,0,4
6,2018-07-19,0,1
11,2018-07-17,11,4
15,2018-07-13,3,0
15,2018-07-13,4,2
15,2018-07-13,0,4
12,2018-07-13,3,1
12,2018-07-13,6,2
8,2018-07-12,12,4
14,2018-07-11,3,1
12,2018-07-11,4,3
9,2018-07-11,0,2
12,2018-07-10,0,3
11,2018-07-10,6,4
15,2018-07-09,4,1
15,2018-07-09,2,1
7,2018-07-09,0,3
14,2018-07-05,6,2
14,2018-07-05,14,12
10,2018-07-05,0,2
10,2018-07-05,0,9
10,2018-07-05,0,3
12,2018-07-04,0,8
10,2018-07-04,0,4
10,2018-07-04,0,6
6,2018-07-04,0,3
14,2018-07-03,1,0
10,2018-07-03,0,11
9,2018-07-03,0,0
7,2018-07-03,0,1
6,2018-07-03,0,1
6,2018-07-03,0,4
14,2018-07-02,3,0
8,2018-07-02,0,2
12,2018-06-29,4,2
12,2018-06-29,0,2
12,2018-06-29,0,2
12,2018-06-29,0,3
12,2018-06-28,12,5
15,2018-06-27,8,2
15,2018-06-27,2,1
12,2018-06-27,0,18
9,2018-06-27,0,1
9,2018-06-27,0,4
9,2018-06-27,0,2
7,2018-06-26,3,0
10,2018-06-25,0,5
10,2018-06-25,0,3
14,2018-06-22,0,9
14,2018-06-22,3,1
13,2018-06-22,8,4
13,2018-06-22,4,0
12,2018-06-22,4,0
7,2018-06-22,0,0
14,2018-06-21,12,6
12,2018-06-21,0,1
12,2018-06-21,0,1
10,2018-06-21,1,0
9,2018-06-21,6,1
14,2018-06-20,4,0
13,2018-06-20,1,0
13,2018-06-20,4,2
13,2018-06-20,1,0
6,2018-06-19,0,1
10,2018-06-18,3,1
6,2018-06-18,0,1
13,2018-06-15,2,0
9,2018-06-15,6,2
9,2018-06-15,0,2
8,2018-06-15,2,0
15,2018-06-14,11,4
9,2018-06-14,9,4
8,2018-06-14,0,3
8,2018-06-14,14,6
14,2018-06-13,3,1
14,2018-06-13,3,1
13,2018-06-13,7,0
11,2018-06-12,1,0
14,2018-06-11,0,1
10,2018-06-11,0,5
14,2018-06-08,0,4
14,2018-06-08,3,0
11,2018-06-08,0,10
11,2018-06-08,13,3
15,2018-06-07,4,2
13,2018-06-07,5,5
12,2018-06-07,0,2
12,2018-06-07,0,3
12,2018-06-05,0,3
12,2018-06-05,3,0
11,2018-06-05,3,1
9,2018-06-05,0,1
9,2018-06-05,0,3
9,2018-06-05,0,1
14,2018-05-31,2,1
10,2018-05-31,4,2
8,2018-05-31,6,6
14,2018-05-29,4,0
8,2018-05-29,0,1
8,2018-05-29,3,0
8,2018-05-29,4,1
10,2018-05-28,4,0
10,2018-05-28,4,1
8,2018-05-28,0,3
14,2018-05-24,3,2
11,2018-05-24,11,4
10,2018-05-24,3,0
9,2018-05-23,0,1
7,2018-05-23,2,0
7,2018-05-23,5,1
11,2018-05-22,1,1
10,2018-05-22,3,2
10,2018-05-22,0,0
9,2018-05-22,4,1
8,2018-05-22,0,1
10,2018-05-21,0,1
8,2018-05-21,6,2
7,2018-05-21,0,367
7,2018-05-21,6,3
18,2018-05-18,3,1
9,2018-05-18,0,1
8,2018-05-18,2,0
8,2018-05-18,5,2
13,2018-05-17,4,1
13,2018-05-17,5,3
12,2018-05-17,0,1
9,2018-05-17,6,1
8,2018-05-17,13,5
8,2018-05-17,1,0
6,2018-05-17,0,2
10,2018-05-16,0,1
8,2018-05-16,4,2
8,2018-05-16,4,3
14,2018-05-15,3,3
10,2018-05-14,0,1
14,2018-05-12,0,3
14,2018-05-12,2,2
10,2018-05-12,7,3
14,2018-05-11,2,1
7,2018-05-11,2,3
17,2018-05-10,7,2
14,2018-05-10,2,3
11,2018-05-10,5,2
11,2018-05-10,3,3
8,2018-05-10,8,3
8,2018-05-10,3,1
15,2018-05-09,0,1
14,2018-05-09,1,1
9,2018-05-09,2,0
14,2018-05-08,0,5
13,2018-05-08,0,1
9,2018-05-08,10,5
8,2018-05-08,4,1
9,2018-05-07,5,0
9,2018-05-04,0,2
9,2018-05-04,2,0
6,2018-05-04,0,3
11,2018-05-03,0,1
10,2018-05-03,2,1
9,2018-05-03,4,1
9,2018-05-03,0,1
7,2018-05-02,0,1
6,2018-05-02,0,2
6,2018-05-02,0,1
11,2018-04-27,0,4
8,2018-04-27,1,0
12,2018-04-26,0,1
11,2018-04-26,0,4
11,2018-04-26,8,2
13,2018-04-25,4,1
11,2018-04-25,6,2
10,2018-04-25,4,2
9,2018-04-25,6,1
17,2018-04-24,2,1
14,2018-04-24,3,0
11,2018-04-24,5,0
11,2018-04-24,0,1
8,2018-04-24,7,3
11,2018-04-23,2,0
11,2018-04-23,0,1
8,2018-04-23,0,2
8,2018-04-20,3,0
7,2018-04-20,0,1
8,2018-04-19,14,5
13,2018-04-18,0,1
11,2018-04-18,0,5
11,2018-04-18,0,1
10,2018-04-18,1,1
9,2018-04-18,1,0
8,2018-04-17,1,1
6,2018-04-17,0,1
15,2018-04-16,2,1
12,2018-04-16,11,3
12,2018-04-13,7,3
9,2018-04-12,7,3
9,2018-04-12,11,2
8,2018-04-11,3,2
13,2018-04-10,13,3
10,2018-04-10,0,2
8,2018-04-10,6,0
7,2018-04-10,0,1
7,2018-04-10,0,1
8,2018-04-08,7,2
9,2018-04-05,23,13
9,2018-04-05,1,2
13,2018-04-04,1,0
11,2018-04-04,0,1
9,2018-04-04,1,0
8,2018-04-04,4,2
6,2018-04-04,0,3
15,2018-04-03,0,3
12,2018-04-03,4,1
9,2018-04-03,0,4
9,2018-04-03,0,1
8,2018-04-03,10,4
11,2018-03-28,2,1
12,2018-03-27,0,7
12,2018-03-27,3,1
10,2018-03-27,0,3
9,2018-03-27,3,1
8,2018-03-27,1,0
8,2018-03-27,1,0
10,2018-03-26,0,3
8,2018-03-26,4,0
7,2018-03-26,0,1
13,2018-03-23,2,2
12,2018-03-23,0,2
10,2018-03-23,0,2
9,2018-03-23,0,1
9,2018-03-23,3,0
14,2018-03-22,0,2
13,2018-03-22,0,1
11,2018-03-22,0,7
11,2018-03-22,0,1
9,2018-03-22,6,0
17,2018-03-21,3,1
12,2018-03-21,1,1
12,2018-03-21,1,1
9,2018-03-21,3,2
12,2018-03-20,0,2
9,2018-03-20,0,1
9,2018-03-20,0,1
11,2018-03-16,2,2
11,2018-03-16,0,4
13,2018-03-15,3,2
13,2018-03-15,2,0
12,2018-03-15,0,1
12,2018-03-15,0,0
10,2018-03-15,1,0
9,2018-03-15,4,1
10,2018-03-14,6,2
8,2018-03-14,2,1
15,2018-03-13,0,2
14,2018-03-13,0,2
13,2018-03-13,4,2
7,2018-03-13,0,8
10,2018-03-12,0,4
10,2018-03-12,5,1
9,2018-03-12,0,2
9,2018-03-12,4,1
10,2018-03-09,0,1
10,2018-03-09,0,1
10,2018-03-09,3,1
8,2018-03-09,0,1
8,2018-03-09,0,1
8,2018-03-09,0,2
8,2018-03-09,0,1
8,2018-03-09,0,1
8,2018-03-09,0,1
17,2018-03-08,5,0
12,2018-03-07,0,2
12,2018-03-07,0,2
12,2018-03-07,0,2
9,2018-03-07,0,2
17,2018-03-06,0,2
15,2018-03-06,0,2
15,2018-03-06,0,10
15,2018-03-06,1,0
7,2018-03-06,0,1
14,2018-03-05,2,2
12,2018-03-05,2,0
12,2018-03-05,4,1
16,2018-03-02,0,0
9,2018-03-02,0,2
12,2018-03-01,0,3
10,2018-03-01,6,3
13,2018-02-28,1,0
11,2018-02-28,0,1
11,2018-02-28,0,3
10,2018-02-28,1,0
10,2018-02-28,3,3
13,2018-02-27,7,2
10,2018-02-27,0,1
16,2018-02-26,0,1
14,2018-02-26,0,1
14,2018-02-26,0,1
15,2018-02-23,2,1
12,2018-02-23,0,1
14,2018-02-22,0,8
14,2018-02-22,0,1
9,2018-02-22,0,2
16,2018-02-21,0,2
14,2018-02-21,0,2
10,2018-02-20,6,1
9,2018-02-20,0,1
9,2018-02-20,0,1
13,2018-02-19,0,2
13,2018-02-19,2,0
7,2018-02-19,0,3
9,2018-02-16,2,1
9,2018-02-16,4,2
10,2018-02-15,3,0
14,2018-02-13,0,1
11,2018-02-13,1,0
8,2018-02-13,0,1
7,2018-02-13,0,1
14,2018-02-12,0,1
13,2018-02-12,0,1
10,2018-02-12,3,1
10,2018-02-12,0,1
10,2018-02-12,1,1
11,2018-02-11,13,7
13,2018-02-09,2,0
12,2018-02-09,0,1
10,2018-02-08,3,0
10,2018-02-08,1,0
9,2018-02-08,0,1
7,2018-02-08,0,2
7,2018-02-08,0,1
9,2018-02-06,7,3
7,2018-02-05,0,3
12,2018-02-02,0,1
11,2018-02-02,0,6
11,2018-02-01,1,0
11,2018-02-01,4,3
11,2018-02-01,0,8
11,2018-02-01,4,5
10,2018-02-01,0,5
10,2018-02-01,8,6
10,2018-02-01,2,1
10,2018-02-01,7,4
9,2018-02-01,0,1
9,2018-02-01,0,0
11,2018-01-31,0,12
9,2018-01-30,3,1
7,2018-01-30,0,2
7,2018-01-30,0,3
15,2018-01-29,4,1
9,2018-01-29,3,2
9,2018-01-29,0,0
7,2018-01-29,0,2
10,2018-01-26,0,2
10,2018-01-26,0,2
13,2018-01-25,6,3
11,2018-01-25,3,0
10,2018-01-25,1,0
9,2018-01-25,0,0
9,2018-01-25,2,0
9,2018-01-25,2,0
12,2018-01-24,1,1
12,2018-01-23,0,6
12,2018-01-23,0,3
12,2018-01-23,0,5
12,2018-01-23,0,1
9,2018-01-23,0,0
8,2018-01-23,0,17
15,2018-01-22,0,2
13,2018-01-22,2,1
9,2018-01-22,2,0
9,2018-01-22,0,4
7,2018-01-22,0,2
7,2018-01-22,0,2
13,2018-01-19,0,9
12,2018-01-19,0,1
12,2018-01-19,0,0
9,2018-01-19,1,0
14,2018-01-18,2,2
11,2018-01-18,0,1
11,2018-01-18,0,1
10,2018-01-18,3,2
8,2018-01-18,0,1
9,2018-01-16,0,1
12,2018-01-15,0,15
11,2018-01-15,0,2
9,2018-01-15,0,4
9,2018-01-15,0,2
7,2018-01-15,0,2
10,2018-01-12,0,0
10,2018-01-11,0,3
9,2018-01-11,1,0
13,2018-01-10,0,1
7,2018-01-10,0,2
15,2018-01-09,2,3
7,2018-01-08,0,1
7,2018-01-08,0,1
7,2018-01-08,0,1
7,2018-01-08,0,1
7,2018-01-08,0,2
9,2017-12-22,0,0
8,2017-12-22,0,1
8,2017-12-22,0,1
14,2017-12-21,0,1
11,2017-12-21,0,2
9,2017-12-21,0,5
9,2017-12-21,0,0
13,2017-12-20,0,2
12,2017-12-20,0,7
10,2017-12-20,0,2
9,2017-12-20,2,2
9,2017-12-20,0,4
16,2017-12-19,0,1
9,2017-12-19,0,0
7,2017-12-19,0,3
7,2017-12-19,0,1
7,2017-12-19,0,1
17,2017-12-18,0,1
16,2017-12-18,0,3
14,2017-12-18,1,1
11,2017-12-18,2,0
11,2017-12-18,0,1
11,2017-12-18,0,1
9,2017-12-18,2,0
7,2017-12-18,0,1
12,2017-12-15,0,1
8,2017-12-15,0,1
17,2017-12-14,0,1
10,2017-12-14,0,5
9,2017-12-14,0,0
16,2017-12-13,0,1
11,2017-12-13,1,0
9,2017-12-13,2,1
8,2017-12-13,0,2
14,2017-12-12,0,3
14,2017-12-12,0,3
14,2017-12-12,0,4
14,2017-12-12,0,1
14,2017-12-12,0,2
14,2017-12-12,0,24
10,2017-12-12,0,2
9,2017-12-12,1,0
7,2017-12-12,0,1
7,2017-12-12,0,3
14,2017-12-11,10,4
11,2017-12-11,0,1
10,2017-12-11,0,1
9,2017-12-11,0,0
8,2017-12-11,0,2
7,2017-12-11,0,1
7,2017-12-11,0,1
7,2017-12-11,0,1
7,2017-12-11,0,1
7,2017-12-11,0,2
11,2017-12-05,0,1
11,2017-12-05,0,1
10,2017-12-05,2,1
15,2017-12-04,0,1
10,2017-12-04,0,1
10,2017-12-04,0,1
10,2017-12-04,0,1
9,2017-12-04,1,1
9,2017-12-04,1,0
8,2017-12-04,0,1
10,2017-12-01,2,2
14,2017-11-30,0,0
11,2017-11-30,0,1
11,2017-11-30,1,1
11,2017-11-29,1,0
9,2017-11-29,0,1
13,2017-11-28,2,3
13,2017-11-28,5,3
13,2017-11-28,1,0
12,2017-11-28,0,0
9,2017-11-28,0,0
9,2017-11-28,0,0
18,2017-11-27,5,1
8,2017-11-27,0,2
13,2017-11-24,0,2
13,2017-11-24,0,1
14,2017-11-23,2,3
12,2017-11-23,2,0
10,2017-11-23,1,0
10,2017-11-23,0,1
14,2017-11-22,0,1
14,2017-11-22,0,1
14,2017-11-22,0,1
14,2017-11-22,0,1
14,2017-11-22,0,0
13,2017-11-20,0,2
13,2017-11-20,0,0
13,2017-11-20,0,0
13,2017-11-17,0,1
11,2017-11-17,0,2
9,2017-11-17,0,0
8,2017-11-17,0,2
11,2017-11-16,4,2
10,2017-11-16,4,3
9,2017-11-16,0,2
8,2017-11-16,0,2
14,2017-11-15,0,2
14,2017-11-15,0,1
14,2017-11-15,0,2
14,2017-11-15,0,1
14,2017-11-15,0,0
18,2017-11-14,0,1
18,2017-11-14,0,1
10,2017-11-13,0,1
10,2017-11-13,0,1
9,2017-11-13,0,1
13,2017-11-10,1,0
11,2017-11-10,0,1
11,2017-11-10,0,1
9,2017-11-10,0,0
14,2017-11-09,4,3
14,2017-11-09,0,16
14,2017-11-09,0,2
14,2017-11-09,0,1
8,2017-11-09,0,3
22,2017-11-08,0,0
14,2017-11-08,1,0
12,2017-11-08,2,0
12,2017-11-08,4,2
12,2017-11-08,1,0
10,2017-11-07,0,1
10,2017-11-07,0,1
10,2017-11-07,0,1
8,2017-11-07,0,1
8,2017-11-07,0,1
8,2017-11-07,0,1
16,2017-11-06,0,1
11,2017-11-06,0,4
11,2017-11-06,4,2
8,2017-11-06,0,3
12,2017-11-03,0,1
10,2017-11-03,1,0
14,2017-11-02,0,1
12,2017-11-02,3,1
9,2017-11-02,0,0
8,2017-11-02,0,2
10,2017-10-31,0,1
10,2017-10-31,0,1
10,2017-10-31,0,1
7,2017-10-31,0,1
7,2017-10-31,0,2
13,2017-10-30,0,2
10,2017-10-30,0,2
13,2017-10-27,0,1
11,2017-10-27,4,1
17,2017-10-26,1,0
16,2017-10-26,0,1
16,2017-10-26,0,4
16,2017-10-26,0,1
12,2017-10-26,0,4
12,2017-10-26,0,2
17,2017-10-25,0,2
17,2017-10-25,0,1
13,2017-10-25,0,1
14,2017-10-24,3,2
13,2017-10-24,1,2
12,2017-10-24,0,0
12,2017-10-24,0,0
11,2017-10-24,3,0
11,2017-10-24,3,1
10,2017-10-24,3,3
10,2017-10-24,5,5
10,2017-10-24,0,1
10,2017-10-24,0,2
9,2017-10-24,2,1
9,2017-10-24,3,0
9,2017-10-24,2,2
10,2017-10-23,1,0
10,2017-10-20,0,1
14,2017-10-19,0,2
14,2017-10-19,0,1
10,2017-10-19,2,1
10,2017-10-19,0,1
9,2017-10-19,0,2
7,2017-10-19,0,1
7,2017-10-19,0,4
9,2017-10-18,6,2
9,2017-10-18,0,1
9,2017-10-17,0,1
7,2017-10-16,0,1
7,2017-10-16,0,1
7,2017-10-16,0,1
7,2017-10-16,0,1
12,2017-10-11,2,2
13,2017-10-06,0,3
13,2017-10-05,0,6
13,2017-10-05,0,4
13,2017-10-05,0,3
12,2017-10-04,3,2
12,2017-10-04,0,3
12,2017-10-04,0,1
12,2017-10-04,0,2
11,2017-10-04,0,2
11,2017-10-04,0,2
11,2017-10-04,0,1
11,2017-10-04,0,1
11,2017-10-04,0,5
10,2017-10-04,0,6
10,2017-10-04,0,11
10,2017-10-04,0,0
9,2017-10-04,0,3
9,2017-10-04,0,4
7,2017-10-04,0,2
12,2017-10-03,1,1
12,2017-10-03,0,1
10,2017-10-03,0,1
9,2017-10-03,0,1
9,2017-10-03,0,1
9,2017-10-03,0,4
8,2017-10-03,0,0
6,2017-10-03,0,1
6,2017-10-03,0,2
15,2017-10-02,0,2
13,2017-10-02,2,0
12,2017-10-02,0,1
13,2017-09-29,1,0
12,2017-09-29,0,4
11,2017-09-29,3,1
10,2017-09-29,0,1
10,2017-09-29,0,0
10,2017-09-29,1,1
7,2017-09-29,0,2
11,2017-09-28,3,2
11,2017-09-28,0,2
11,2017-09-28,2,0
11,2017-09-28,0,1
11,2017-09-28,0,1
11,2017-09-28,0,1
11,2017-09-28,0,1
13,2017-09-27,1,1
11,2017-09-27,0,1
9,2017-09-26,1,1
9,2017-09-26,0,2
8,2017-09-26,0,1
9,2017-09-25,0,2
13,2017-09-22,0,3
12,2017-09-22,0,5
12,2017-09-22,0,0
12,2017-09-22,0,0
11,2017-09-22,0,1
14,2017-09-21,0,1
11,2017-09-21,0,2
10,2017-09-21,0,2
9,2017-09-21,0,2
8,2017-09-21,0,1
7,2017-09-21,0,0
15,2017-09-20,0,2
14,2017-09-20,0,2
9,2017-09-20,0,1
12,2017-09-19,0,2
10,2017-09-19,0,1
8,2017-09-19,0,1
10,2017-09-18,1,1
10,2017-09-18,1,0
9,2017-09-18,2,1
8,2017-09-18,0,1
7,2017-09-18,0,3
13,2017-09-15,2,0
9,2017-09-15,0,0
12,2017-09-14,0,2
11,2017-09-14,0,0
11,2017-09-14,0,0
10,2017-09-14,0,0
10,2017-09-14,0,2
8,2017-09-14,0,1
7,2017-09-14,0,1
7,2017-09-14,0,1
11,2017-09-13,2,2
8,2017-09-13,3,2
9,2017-09-12,0,1
9,2017-09-12,0,13
9,2017-09-11,0,0
11,2017-09-08,0,1
8,2017-09-07,2,2
11,2017-09-05,0,1
11,2017-09-05,1,2
10,2017-09-05,0,0
10,2017-09-05,1,0
9,2017-09-05,0,0
8,2017-09-05,0,1
13,2017-09-04,1,0
12,2017-09-04,0,0
12,2017-09-04,3,0
13,2017-09-01,0,0
9,2017-09-01,0,0
9,2017-09-01,0,2
8,2017-09-01,0,3
9,2017-08-31,3,4
9,2017-08-31,0,0
9,2017-08-31,2,3
9,2017-08-31,0,3
13,2017-08-30,0,0
8,2017-08-30,0,3
21,2017-08-29,1,0
10,2017-08-29,0,2
10,2017-08-29,0,2
7,2017-08-29,1,1
13,2017-08-28,0,0
11,2017-08-28,0,0
11,2017-08-28,0,0
10,2017-08-28,0,0
10,2017-08-28,0,2
9,2017-08-28,0,1
9,2017-08-28,0,1
9,2017-08-28,0,1
9,2017-08-28,0,1
9,2017-08-28,0,2
21,2017-08-24,1,0
7,2017-08-24,1,1
22,2017-08-23,1,0
13,2017-08-23,0,0
7,2017-08-23,1,0
21,2017-08-22,0,0
21,2017-08-21,0,0
13,2017-08-21,0,0
22,2017-08-17,0,1
22,2017-08-16,0,0
13,2017-08-16,1,0
14,2017-08-14,1,0
10,2017-08-02,0,2
8,2017-08-02,0,2
8,2017-08-02,0,1
10,2017-08-01,3,2
10,2017-08-01,2,1
10,2017-08-01,4,2
9,2017-08-01,0,1
8,2017-08-01,0,2
21,2017-07-31,1,0
13,2017-07-31,0,1
13,2017-07-31,0,0
12,2017-07-31,0,0
11,2017-07-31,0,1
9,2017-07-31,1,0
9,2017-07-31,4,6
7,2017-07-31,0,0
13,2017-07-28,4,3
12,2017-07-28,2,0
9,2017-07-28,0,0
9,2017-07-28,0,2
9,2017-07-28,0,0
8,2017-07-28,0,3
8,2017-07-28,0,1
8,2017-07-28,0,2
7,2017-07-28,3,1
22,2017-07-27,0,0
13,2017-07-27,0,0
12,2017-07-27,0,1
10,2017-07-27,3,1
9,2017-07-27,0,1
8,2017-07-27,0,2
7,2017-07-27,0,1
21,2017-07-26,1,0
13,2017-07-26,0,0
12,2017-07-26,0,3
9,2017-07-26,0,5
8,2017-07-26,0,4
8,2017-07-26,0,4
8,2017-07-26,0,3
7,2017-07-26,1,1
14,2017-07-25,0,1
14,2017-07-25,2,1
10,2017-07-25,0,3
9,2017-07-25,0,2
8,2017-07-25,0,4
8,2017-07-25,0,2
8,2017-07-25,2,0
13,2017-07-24,2,1
13,2017-07-24,0,0
13,2017-07-24,2,1
11,2017-07-24,2,1
11,2017-07-24,0,3
11,2017-07-24,0,5
10,2017-07-24,0,3
8,2017-07-24,0,3
8,2017-07-24,0,1
8,2017-07-24,0,1
10,2017-07-21,0,5
9,2017-07-21,0,1
8,2017-07-21,0,3
21,2017-07-20,1,0
14,2017-07-20,3,2
10,2017-07-20,0,4
9,2017-07-20,0,1
9,2017-07-20,2,2
7,2017-07-20,2,6
14,2017-07-19,0,0
12,2017-07-19,0,3
9,2017-07-19,0,2
8,2017-07-19,0,2
8,2017-07-19,0,2
8,2017-07-18,0,1
14,2017-07-17,4,3
14,2017-07-17,0,1
11,2017-07-17,0,2
9,2017-07-14,3,2
9,2017-07-14,1,1
8,2017-07-14,0,1
22,2017-07-13,1,1
11,2017-07-13,1,1
9,2017-07-13,1,0
21,2017-07-12,0,0
12,2017-07-12,4,2
11,2017-07-12,1,0
11,2017-07-12,1,0
8,2017-07-12,0,0
22,2017-07-11,1,0
9,2017-07-11,0,1
12,2017-07-10,0,1
11,2017-07-10,0,1
8,2017-07-10,0,0
11,2017-07-06,0,4
7,2017-07-06,1,0
22,2017-07-05,2,5
10,2017-07-05,4,2
8,2017-07-05,0,1
8,2017-07-05,0,1
13,2017-07-04,0,5
13,2017-07-04,0,0
11,2017-07-04,0,1
10,2017-07-04,0,1
9,2017-07-04,0,3
8,2017-07-04,0,1
8,2017-07-04,0,1
8,2017-07-04,0,1
8,2017-07-04,0,1
12,2017-07-03,3,0
8,2017-07-03,0,5
13,2017-06-30,0,1
12,2017-06-30,0,7
7,2017-06-30,0,0
21,2017-06-29,0,0
9,2017-06-29,0,6
8,2017-06-29,0,0
14,2017-06-28,0,0
13,2017-06-28,4,2
10,2017-06-28,1,1
8,2017-06-28,0,4
21,2017-06-27,1,0
13,2017-06-27,7,5
11,2017-06-27,4,1
9,2017-06-27,0,0
9,2017-06-27,0,2
8,2017-06-27,0,8
21,2017-06-26,1,2
7,2017-06-26,2,1
13,2017-06-24,0,0
13,2017-06-23,1,1
13,2017-06-23,1,0
12,2017-06-23,0,3
11,2017-06-23,0,1
8,2017-06-23,0,2
8,2017-06-23,0,1
13,2017-06-22,1,0
12,2017-06-22,1,1
11,2017-06-22,0,1
8,2017-06-22,2,0
22,2017-06-21,1,0
17,2017-06-21,0,0
22,2017-06-20,3,0
12,2017-06-20,0,2
11,2017-06-20,10,11
10,2017-06-20,0,1
10,2017-06-20,0,1
14,2017-06-19,0,1
12,2017-06-19,0,0
8,2017-06-19,0,1
8,2017-06-19,0,1
8,2017-06-19,0,2
8,2017-06-19,0,1
8,2017-06-16,0,1
8,2017-06-16,0,2
8,2017-06-16,0,5
8,2017-06-16,0,1
14,2017-06-15,3,3
11,2017-06-15,0,1
10,2017-06-15,0,1
10,2017-06-15,0,1
10,2017-06-15,0,2
10,2017-06-15,3,0
9,2017-06-15,0,0
8,2017-06-15,0,1
8,2017-06-15,0,1
8,2017-06-15,0,1
14,2017-06-14,1,0
12,2017-06-14,0,2
12,2017-06-14,0,5
9,2017-06-14,0,0
8,2017-06-14,0,4
8,2017-06-14,1,2
14,2017-06-13,0,0
12,2017-06-13,0,0
11,2017-06-13,3,3
9,2017-06-13,0,2
8,2017-06-13,0,2
9,2017-06-12,2,2
8,2017-06-12,0,1
8,2017-06-12,1,1
14,2017-06-11,1,0
10,2017-06-09,0,1
14,2017-06-08,2,1
9,2017-06-08,0,0
8,2017-06-08,0,2
13,2017-06-07,2,0
11,2017-06-07,3,1
9,2017-06-07,0,3
9,2017-06-07,0,3
9,2017-06-07,0,2
11,2017-06-06,1,0
9,2017-06-06,5,4
8,2017-06-06,0,3
8,2017-06-06,2,2
14,2017-06-05,0,0
13,2017-06-05,0,1
12,2017-06-05,0,0
11,2017-06-05,0,9
10,2017-06-05,0,0
12,2017-06-02,0,3
10,2017-06-02,0,2
8,2017-06-02,0,4
8,2017-06-02,0,2
8,2017-06-02,0,1
18,2017-06-01,1,2
18,2017-06-01,1,2
17,2017-06-01,1,2
17,2017-06-01,1,1
16,2017-06-01,4,2
12,2017-06-01,0,1
11,2017-06-01,0,2
11,2017-06-01,0,10
11,2017-06-01,0,3
11,2017-06-01,0,2
11,2017-06-01,0,1
22,2017-05-31,0,0
15,2017-05-31,1,0
9,2017-05-31,0,1
9,2017-05-31,0,2
8,2017-05-31,3,2
22,2017-05-30,1,0
22,2017-05-30,0,1
22,2017-05-30,0,5
14,2017-05-30,0,0
11,2017-05-30,5,5
8,2017-05-30,5,2
8,2017-05-30,0,0
8,2017-05-29,0,1
8,2017-05-29,0,1
12,2017-05-26,0,1
9,2017-05-26,0,1
9,2017-05-26,0,1
7,2017-05-26,0,0
14,2017-05-25,0,0
10,2017-05-25,0,2
10,2017-05-25,0,2
10,2017-05-25,0,1
10,2017-05-25,0,1
10,2017-05-24,0,0
9,2017-05-24,0,0
8,2017-05-24,0,2
11,2017-05-23,0,1
11,2017-05-23,3,1
10,2017-05-23,3,3
10,2017-05-23,6,0
10,2017-05-23,0,0
8,2017-05-23,0,1
8,2017-05-23,0,1
12,2017-05-22,0,1
11,2017-05-22,0,1
14,2017-05-19,1,0
10,2017-05-19,0,4
12,2017-05-18,0,1
10,2017-05-18,1,0
9,2017-05-18,0,2
9,2017-05-18,0,3
9,2017-05-18,0,1
8,2017-05-18,0,0
22,2017-05-17,2,0
10,2017-05-17,0,3
9,2017-05-17,0,1
9,2017-05-17,0,1
8,2017-05-16,0,3
8,2017-05-16,1,0
11,2017-05-15,0,1
10,2017-05-15,0,1
10,2017-05-15,4,3
10,2017-05-15,0,1
10,2017-05-15,0,1
10,2017-05-15,0,1
8,2017-05-15,0,0
11,2017-05-12,1,1
11,2017-05-12,0,0
10,2017-05-12,0,1
9,2017-05-12,0,2
8,2017-05-12,0,1
8,2017-05-12,0,1
8,2017-05-12,0,2
22,2017-05-11,1,1
13,2017-05-11,1,0
13,2017-05-11,1,0
11,2017-05-11,0,13
8,2017-05-11,0,2
8,2017-05-11,0,2
8,2017-05-11,0,3
8,2017-05-11,1,0
22,2017-05-10,2,0
13,2017-05-10,0,1
13,2017-05-10,0,1
13,2017-05-10,0,1
13,2017-05-10,0,3
22,2017-05-09,0,1
11,2017-05-09,0,11
9,2017-05-09,0,3
8,2017-05-09,0,3
8,2017-05-09,0,2
8,2017-05-09,0,1
14,2017-05-08,2,0
10,2017-05-08,2,2
8,2017-05-08,0,2
8,2017-05-08,0,3
10,2017-05-05,0,1
10,2017-05-05,0,1
9,2017-05-05,0,1
8,2017-05-05,0,1
8,2017-05-05,0,1
11,2017-05-04,0,1
10,2017-05-04,0,1
10,2017-05-04,0,0
22,2017-05-03,0,0
13,2017-05-03,3,1
10,2017-05-03,0,1
10,2017-05-03,0,4
14,2017-05-02,0,1
10,2017-05-02,0,2
10,2017-05-02,0,2
10,2017-05-02,0,1
22,2017-04-30,2,0
10,2017-04-29,0,0
9,2017-04-28,0,1
22,2017-04-27,1,0
14,2017-04-27,0,0
10,2017-04-27,0,2
10,2017-04-27,0,4
8,2017-04-27,3,1
22,2017-04-26,0,0
11,2017-04-26,0,1
9,2017-04-26,1,1
9,2017-04-26,0,1
9,2017-04-26,0,1
9,2017-04-26,0,1
14,2017-04-25,2,1
9,2017-04-25,0,2
9,2017-04-25,0,3
9,2017-04-25,0,2
9,2017-04-25,0,1
9,2017-04-25,0,2
9,2017-04-25,0,1
9,2017-04-25,0,1
9,2017-04-25,0,11
8,2017-04-25,0,1
8,2017-04-25,0,0
22,2017-04-24,0,0
12,2017-04-21,0,1
12,2017-04-21,3,3
10,2017-04-21,2,0
10,2017-04-21,2,1
8,2017-04-21,0,2
13,2017-04-20,1,1
12,2017-04-20,1,0
12,2017-04-20,0,0
10,2017-04-20,0,2
9,2017-04-20,1,0
9,2017-04-20,0,0
9,2017-04-20,0,5
9,2017-04-20,0,3
9,2017-04-20,0,3
9,2017-04-20,3,2
22,2017-04-19,0,0
14,2017-04-19,0,0
12,2017-04-19,0,0
9,2017-04-19,1,2
9,2017-04-19,0,5
9,2017-04-19,0,2
22,2017-04-18,3,0
14,2017-04-18,0,0
12,2017-04-18,0,1
12,2017-04-18,0,6
9,2017-04-18,1,1
9,2017-04-18,0,2
9,2017-04-18,0,2
9,2017-04-18,0,1
9,2017-04-18,0,1
9,2017-04-18,0,1
9,2017-04-18,0,3
9,2017-04-18,0,1
22,2017-04-17,2,0
8,2017-04-14,0,0
15,2017-04-12,0,0
9,2017-04-12,0,0
8,2017-04-12,3,2
14,2017-04-11,0,0
11,2017-04-11,0,5
11,2017-04-11,0,3
22,2017-04-10,2,1
13,2017-04-10,0,1
13,2017-04-10,0,1
13,2017-04-10,0,1
12,2017-04-10,0,1
12,2017-04-10,0,1
12,2017-04-10,0,1
12,2017-04-10,0,1
12,2017-04-10,0,3
8,2017-04-07,0,2
11,2017-04-06,0,0
11,2017-04-06,0,0
13,2017-04-05,3,3
12,2017-04-05,0,0
11,2017-04-05,0,0
11,2017-04-05,0,0
10,2017-04-05,0,1
8,2017-04-05,0,0
7,2017-04-05,0,0
17,2017-04-04,0,0
10,2017-04-04,0,2
10,2017-04-04,0,1
10,2017-04-04,0,2
10,2017-04-04,0,1
10,2017-04-03,0,2
10,2017-04-03,0,1
12,2017-03-31,2,3
10,2017-03-31,2,1
10,2017-03-31,0,1
10,2017-03-31,0,1
10,2017-03-31,0,2
10,2017-03-31,0,1
10,2017-03-31,0,1
10,2017-03-31,0,2
8,2017-03-31,0,0
14,2017-03-30,2,3
10,2017-03-30,0,2
10,2017-03-30,0,1
22,2017-03-29,0,0
11,2017-03-29,0,2
11,2017-03-29,0,2
11,2017-03-29,0,1
14,2017-03-28,1,0
12,2017-03-28,2,0
12,2017-03-28,0,0
12,2017-03-28,0,0
8,2017-03-28,0,1
8,2017-03-28,0,1
8,2017-03-28,0,1
8,2017-03-28,0,1
8,2017-03-28,0,1
8,2017-03-28,0,1
8,2017-03-28,0,1
8,2017-03-28,0,1
9,2017-03-27,0,0
10,2017-03-24,0,1
14,2017-03-23,0,11
14,2017-03-23,0,4
14,2017-03-23,0,0
10,2017-03-23,12,6
10,2017-03-22,0,0
12,2017-03-21,0,2
12,2017-03-21,0,1
10,2017-03-21,3,4
10,2017-03-21,0,1
10,2017-03-21,0,5
13,2017-03-20,2,1
11,2017-03-20,0,1
11,2017-03-20,0,4
14,2017-03-16,0,0
14,2017-03-16,0,1
14,2017-03-16,4,1
12,2017-03-16,0,0
12,2017-03-16,0,1
10,2017-03-16,0,1
10,2017-03-16,0,1
10,2017-03-16,0,3
10,2017-03-16,0,2
10,2017-03-16,0,3
10,2017-03-16,0,0
10,2017-03-16,0,2
17,2017-03-15,1,0
14,2017-03-13,1,2
11,2017-03-13,0,4
11,2017-03-13,0,1
15,2017-03-12,1,0
12,2017-03-10,0,2
12,2017-03-10,0,1
12,2017-03-10,0,1
12,2017-03-10,0,4
11,2017-03-09,0,1
10,2017-03-09,0,1
10,2017-03-09,0,1
13,2017-03-08,3,1
12,2017-03-08,1,0
11,2017-03-08,0,0
10,2017-03-08,0,0
10,2017-03-08,0,0
10,2017-03-07,0,2
12,2017-03-06,1,3
9,2017-03-06,0,2
9,2017-03-06,0,1
9,2017-03-06,0,2
9,2017-03-06,0,1
13,2017-03-03,0,1
10,2017-03-03,0,2
9,2017-03-03,1,0
11,2017-03-02,4,1
10,2017-03-02,3,1
9,2017-03-02,0,2
9,2017-03-02,0,1
9,2017-03-02,0,2
9,2017-03-02,0,2
9,2017-03-02,1,1
13,2017-03-01,5,3
13,2017-03-01,3,0
11,2017-03-01,4,1
10,2017-03-01,8,6
12,2017-02-28,0,2
12,2017-02-28,0,2
12,2017-02-28,0,1
11,2017-02-28,0,2
10,2017-02-28,0,4
10,2017-02-28,0,2
10,2017-02-28,0,1
10,2017-02-28,0,4
10,2017-02-28,0,3
10,2017-02-28,0,2
10,2017-02-28,0,1
10,2017-02-28,0,2
10,2017-02-28,0,1
10,2017-02-28,0,2
14,2017-02-27,6,3
13,2017-02-27,0,0
10,2017-02-27,0,2
10,2017-02-27,0,3
13,2017-02-24,0,2
9,2017-02-24,0,7
9,2017-02-24,0,3
9,2017-02-24,0,5
10,2017-02-23,0,1
10,2017-02-23,1,1
10,2017-02-23,0,3
10,2017-02-22,0,1
10,2017-02-22,0,2
9,2017-02-22,0,4
9,2017-02-22,0,2
9,2017-02-22,0,2
11,2017-02-21,0,5
14,2017-02-20,7,8
10,2017-02-20,0,1
9,2017-02-20,0,2
11,2017-02-17,6,2
11,2017-02-17,0,0
11,2017-02-17,2,2
11,2017-02-17,0,1
9,2017-02-17,0,1
14,2017-02-16,0,0
11,2017-02-15,0,2
9,2017-02-15,0,1
9,2017-02-15,0,1
9,2017-02-15,0,2
9,2017-02-15,0,1
11,2017-02-14,0,3
10,2017-02-14,0,4
10,2017-02-14,0,2
10,2017-02-14,0,1
14,2017-02-13,1,0
13,2017-02-13,0,3
13,2017-02-13,0,0
13,2017-02-13,0,0
12,2017-02-13,0,2
11,2017-02-10,0,1
9,2017-02-10,0,2
9,2017-02-10,0,2
9,2017-02-10,0,1
11,2017-02-09,0,1
11,2017-02-08,0,6
11,2017-02-07,0,1
11,2017-02-07,1,1
11,2017-02-07,0,3
11,2017-02-07,0,1
11,2017-02-07,0,1
10,2017-02-07,1,1
12,2017-02-03,0,2
12,2017-02-03,0,1
9,2017-02-03,0,3
9,2017-02-03,0,1
9,2017-02-03,0,1
14,2017-02-01,0,2
14,2017-02-01,1,0
9,2017-02-01,0,1
14,2017-01-31,2,1
11,2017-01-31,0,2
10,2017-01-31,2,0
10,2017-01-31,0,1
10,2017-01-31,0,1
10,2017-01-31,0,1
10,2017-01-31,0,1
9,2017-01-31,0,1
9,2017-01-31,0,1
9,2017-01-31,0,2
13,2017-01-30,1,4
9,2017-01-30,0,5
9,2017-01-30,0,1
9,2017-01-30,0,9
12,2017-01-27,3,2
12,2017-01-27,0,1
12,2017-01-27,0,2
12,2017-01-27,0,0
11,2017-01-27,0,2
10,2017-01-27,0,7
9,2017-01-27,0,1
14,2017-01-26,3,2
12,2017-01-26,0,0
12,2017-01-26,0,0
11,2017-01-26,2,1
11,2017-01-26,0,1
11,2017-01-26,1,0
11,2017-01-26,0,8
11,2017-01-26,0,1
10,2017-01-26,1,1
10,2017-01-26,0,1
10,2017-01-26,0,3
10,2017-01-26,0,1
10,2017-01-26,0,2
10,2017-01-26,1,0
10,2017-01-26,0,0
9,2017-01-26,0,1
13,2017-01-25,2,2
12,2017-01-25,2,2
12,2017-01-25,1,2
9,2017-01-25,0,1
9,2017-01-25,0,4
10,2017-01-24,0,11
10,2017-01-24,0,2
9,2017-01-24,0,1
9,2017-01-24,0,1
9,2017-01-24,0,1
9,2017-01-24,0,1
13,2017-01-23,0,0
13,2017-01-23,0,0
12,2017-01-23,2,3
11,2017-01-23,1,0
10,2017-01-23,0,2
10,2017-01-23,0,2
10,2017-01-23,0,3
10,2017-01-23,0,1
10,2017-01-23,0,2
10,2017-01-23,0,1
10,2017-01-23,0,3
10,2017-01-20,0,2
9,2017-01-20,0,7
9,2017-01-20,0,1
9,2017-01-20,0,1
9,2017-01-20,0,1
13,2017-01-19,0,2
11,2017-01-19,0,4
11,2017-01-19,0,1
11,2017-01-19,0,1
10,2017-01-19,0,2
9,2017-01-19,0,1
9,2017-01-19,0,6
9,2017-01-19,0,2
9,2017-01-19,0,7
9,2017-01-19,0,5
13,2017-01-18,0,720
13,2017-01-17,0,3
12,2017-01-17,0,1
12,2017-01-17,0,2
12,2017-01-17,1,0
10,2017-01-17,0,4
9,2017-01-17,0,1
9,2017-01-17,0,1
9,2017-01-17,0,1
9,2017-01-17,0,1
12,2017-01-16,0,5
10,2017-01-16,0,4
10,2017-01-16,0,3
9,2017-01-16,0,1
9,2017-01-16,0,1
9,2017-01-16,0,2
9,2017-01-16,0,2
11,2017-01-13,0,2
11,2017-01-13,0,3
11,2017-01-13,0,1
10,2017-01-12,0,1
10,2017-01-12,0,1
10,2017-01-12,0,2
10,2017-01-12,0,7
10,2017-01-12,0,8
10,2017-01-12,0,1
10,2017-01-12,0,4
13,2017-01-10,0,0
12,2017-01-10,0,1
12,2017-01-10,0,1
12,2017-01-10,1,1
12,2017-01-09,0,1
11,2017-01-09,0,2
11,2017-01-09,0,2
11,2017-01-09,0,2
11,2017-01-09,0,1
11,2017-01-09,0,6
11,2017-01-09,0,2
11,2017-01-09,0,2
11,2017-01-09,0,1
11,2017-01-09,0,1
11,2017-01-09,0,3
12,2016-12-22,0,2
12,2016-12-22,0,1
11,2016-12-22,2,0
10,2016-12-22,1,0
10,2016-12-22,0,1
9,2016-12-22,0,2
9,2016-12-22,0,1
12,2016-12-21,0,1
12,2016-12-21,0,2
12,2016-12-21,0,1
12,2016-12-21,0,2
12,2016-12-21,0,1
9,2016-12-21,0,2
9,2016-12-21,0,4
13,2016-12-20,0,1
9,2016-12-20,0,2
13,2016-12-19,1,0
11,2016-12-19,0,1
10,2016-12-19,0,2
9,2016-12-19,0,1
9,2016-12-19,0,2
9,2016-12-16,0,1
13,2016-12-15,0,13
10,2016-12-15,0,4
9,2016-12-15,0,11
9,2016-12-15,0,8
11,2016-12-14,0,2
10,2016-12-14,1,1
9,2016-12-14,0,1
9,2016-12-14,0,1
9,2016-12-14,0,1
12,2016-12-13,0,4
10,2016-12-13,1,1
10,2016-12-13,1,0
10,2016-12-13,0,1
9,2016-12-13,0,2
13,2016-12-12,0,3
10,2016-12-12,0,1
13,2016-12-07,0,1
13,2016-12-07,1,1
11,2016-12-05,0,1
11,2016-12-05,0,2
11,2016-12-05,1,0
11,2016-12-05,0,2
14,2016-12-02,2,2
11,2016-12-02,0,2
10,2016-12-02,0,1
12,2016-12-01,0,1
11,2016-12-01,0,0
9,2016-12-01,0,2
9,2016-12-01,0,1
13,2016-11-30,2,1
13,2016-11-30,1,1
13,2016-11-30,2,1
9,2016-11-30,0,1
10,2016-11-29,0,7
9,2016-11-29,0,1
9,2016-11-29,0,1
9,2016-11-29,0,1
9,2016-11-29,0,3
11,2016-11-28,5,1
9,2016-11-28,0,1
13,2016-11-25,0,2
13,2016-11-25,0,5
13,2016-11-25,0,1
15,2016-11-24,2,2
15,2016-11-24,1,1
15,2016-11-24,1,1
12,2016-11-24,0,1
11,2016-11-24,0,1
10,2016-11-24,0,17
10,2016-11-24,0,1
10,2016-11-24,0,13
10,2016-11-24,0,1
10,2016-11-24,0,5
10,2016-11-24,0,1
10,2016-11-24,0,11
13,2016-11-23,0,0
12,2016-11-23,1,2
10,2016-11-23,0,4
10,2016-11-23,0,1
10,2016-11-23,0,1
10,2016-11-23,0,3
11,2016-11-21,0,1
10,2016-11-21,0,2
10,2016-11-21,0,3
10,2016-11-21,0,3
12,2016-11-18,4,1
10,2016-11-18,0,1
9,2016-11-18,0,1
13,2016-11-17,0,0
13,2016-11-17,6,3
13,2016-11-17,0,1
11,2021-02-09,5,1
15,2021-02-08,3,0
10,2021-02-08,0,5
12,2021-02-05,3,0
12,2021-02-05,0,3
14,2021-02-10,1,1
14,2021-02-09,6,1
13,2021-02-09,0,19
7,2021-02-12,0,3
13,2021-02-11,0,23
13,2021-02-11,10,3
12,2021-02-11,0,1
12,2021-02-11,0,4
15,2021-02-12,0,0
7,2021-02-16,0,6
12,2021-02-15,10,9
10,2021-02-16,0,68
10,2021-02-16,0,2
9,2021-02-19,0,1
9,2021-02-19,0,0
11,2021-02-18,1,1
11,2021-02-18,2,0
10,2021-02-18,0,0
10,2021-02-18,0,0
14,2021-02-17,1,1
14,2021-02-17,4,0
11,2021-02-17,2,1
10,2021-02-17,0,5
11,2021-02-25,1,1
11,2021-02-25,0,0
14,2021-02-24,0,3
13,2021-02-24,0,0
13,2021-02-24,0,0
12,2021-02-24,0,3
9,2021-02-24,2,0
14,2021-02-23,4,0
14,2021-02-23,2,0
15,2021-02-22,3,1
9,2021-02-20,2,1
13,2021-02-19,9,0
12,2021-02-19,6,1
11,2021-03-04,2,0
16,2021-03-03,0,2
15,2021-03-03,0,4
13,2021-03-03,0,2
13,2021-03-03,0,5
11,2021-03-03,7,1
11,2021-03-03,12,3
14,2021-03-02,0,2
15,2021-03-01,0,10
14,2021-03-01,3,0
11,2021-03-01,5,0
11,2021-03-01,3,0
9,2021-03-01,0,1
11,2021-02-26,1,0
11,2021-02-26,3,0
9,2021-02-26,2,0
9,2021-02-26,0,0
15,2021-02-25,2,0
12,2021-02-25,0,2
10,2021-03-12,4,1
8,2021-03-12,0,0
17,2021-03-11,0,0
14,2021-03-11,6,2
14,2021-03-11,4,1
12,2021-03-11,4,0
10,2021-03-11,0,4
14,2021-03-10,0,8
13,2021-03-10,10,4
13,2021-03-10,5,2
12,2021-03-10,1,0
15,2021-03-09,1,0
14,2021-03-09,2,0
11,2021-03-08,5,1
11,2021-03-08,0,5
11,2021-03-08,11,3
11,2021-03-08,3,0
15,2021-03-05,3,0
15,2021-03-05,2,0
13,2021-03-05,0,16
10,2021-03-16,2,0
14,2021-03-15,3,1
14,2021-03-15,0,0
12,2021-03-15,6,1
12,2021-03-15,3,1
11,2021-03-13,3,0
12,2021-03-21,2,1
11,2021-03-21,1,0
11,2021-03-19,2,0
11,2021-03-19,4,2
12,2021-03-18,7,3
9,2021-03-18,0,1
8,2021-03-18,4,0
15,2021-03-17,0,0
10,2021-03-17,1,0
15,2021-03-16,2,0
15,2021-03-16,2,0
15,2021-03-16,3,1
10,2021-03-30,1,0
10,2021-03-30,0,0
8,2021-03-30,3,1
8,2021-03-30,1,0
13,2021-03-29,0,18
13,2021-03-29,0,11
13,2021-03-29,1,0
13,2021-03-29,0,0
9,2021-03-29,2,0
9,2021-03-29,1,1
12,2021-03-27,4,1
12,2021-03-27,5,1
15,2021-03-26,4,0
13,2021-03-26,1,0
13,2021-03-26,0,0
21,2021-03-25,0,5
15,2021-03-25,0,5
14,2021-03-25,0,0
14,2021-03-25,0,0
12,2021-03-25,2,1
12,2021-03-25,5,3
16,2021-03-24,2,1
16,2021-03-24,1,0
9,2021-03-24,1,0
17,2021-03-23,4,0
14,2021-03-23,0,3
14,2021-03-23,0,7
9,2021-03-23,0,4
8,2021-03-23,0,0
8,2021-03-23,1,0
16,2021-03-22,3,2
14,2021-03-22,7,0
14,2021-03-22,4,2
11,2021-03-22,0,5
8,2021-03-22,0,4
11,2021-04-05,0,0
11,2021-04-05,0,0
8,2021-04-01,0,1
16,2021-03-31,4,1
16,2021-03-31,0,0
11,2021-03-31,2,2
11,2021-03-31,1,0
8,2021-03-31,2,0
8,2021-03-31,1,1
11,2021-04-21,1,0
15,2021-04-20,0,0
15,2021-04-20,1,0
12,2021-04-20,0,3
11,2021-04-20,1,0
11,2021-04-19,1,0
11,2021-04-19,1,0
10,2021-04-19,0,5
8,2021-04-19,7,0
11,2021-04-16,2,0
11,2021-04-16,2,1
8,2021-04-16,4,0
10,2021-04-15,3,1
10,2021-04-15,3,0
10,2021-04-15,0,1
8,2021-04-15,1,0
11,2021-04-14,1,0
10,2021-04-14,1,1
8,2021-04-14,6,2
13,2021-04-13,0,2
12,2021-04-13,7,0
12,2021-04-13,4,0
8,2021-04-13,3,0
8,2021-04-13,3,0
11,2021-04-12,5,1
15,2021-04-09,3,0
15,2021-04-09,3,0
12,2021-04-09,4,1
12,2021-04-09,2,0
10,2021-04-09,0,2
10,2021-04-09,2,1
14,2021-04-08,5,1
13,2021-04-08,0,2
13,2021-04-08,0,1
12,2021-04-08,4,0
13,2021-04-07,8,4
13,2021-04-07,0,3
13,2021-04-07,0,2
12,2021-04-07,5,2
12,2021-04-07,3,2
17,2021-04-06,4,0
16,2021-04-06,2,1
15,2021-04-06,1,0
15,2021-04-06,3,0
9,2021-04-06,3,0
8,2021-05-03,0,0
8,2021-05-03,0,0
11,2021-04-30,3,0
8,2021-04-30,2,0
15,2021-04-29,4,0
15,2021-04-29,2,0
11,2021-04-29,4,2
11,2021-04-29,2,0
11,2021-04-28,0,9
11,2021-04-28,6,0
9,2021-04-28,5,1
15,2021-04-27,2,0
15,2021-04-27,3,1
11,2021-04-27,0,1
11,2021-04-27,0,1
11,2021-04-27,1,0
8,2021-04-27,5,0
8,2021-04-27,3,0
15,2021-04-26,4,0
11,2021-04-26,1,0
15,2021-04-23,4,1
11,2021-04-23,4,1
11,2021-04-23,6,1
8,2021-04-23,4,1
6,2021-04-23,0,2
13,2021-04-22,4,0
11,2021-04-22,7,2
9,2021-04-22,0,4
9,2021-04-22,0,2
8,2021-04-22,2,0
7,2021-04-22,0,1
14,2021-05-13,7,3
11,2021-05-13,5,2
11,2021-05-13,3,0
9,2021-05-13,0,4
8,2021-05-13,1,0
15,2021-05-12,0,0
14,2021-05-12,3,1
14,2021-05-12,0,6
10,2021-05-12,0,1
10,2021-05-12,0,2
10,2021-05-12,0,2
10,2021-05-12,0,2
10,2021-05-12,0,2
9,2021-05-12,0,15
8,2021-05-12,3,1
14,2021-05-11,11,3
11,2021-05-11,6,1
9,2021-05-11,4,0
9,2021-05-11,4,1
9,2021-05-11,7,1
9,2021-05-11,0,5
9,2021-05-11,0,19
9,2021-05-11,0,4
9,2021-05-11,0,4
9,2021-05-11,0,4
9,2021-05-11,0,0
15,2021-05-10,1,0
11,2021-05-10,6,0
9,2021-05-10,0,5
11,2021-05-09,1,0
11,2021-05-09,7,0
12,2021-05-08,0,9
12,2021-05-08,0,13
12,2021-05-08,0,2
12,2021-05-08,0,15
12,2021-05-08,0,1
12,2021-05-08,0,10
12,2021-05-08,0,4
12,2021-05-08,0,3
12,2021-05-08,0,5
12,2021-05-08,0,9
12,2021-05-08,0,2
12,2021-05-08,0,1
12,2021-05-08,0,1
12,2021-05-08,0,1
12,2021-05-08,0,13
12,2021-05-08,0,3
12,2021-05-08,0,2
12,2021-05-08,0,5
12,2021-05-08,0,9
12,2021-05-08,0,3
12,2021-05-08,0,7
12,2021-05-08,0,30
16,2021-05-07,9,2
15,2021-05-07,1,1
11,2021-05-07,5,0
10,2021-05-07,0,5
7,2021-05-07,0,1
7,2021-05-07,0,1
15,2021-05-06,11,2
14,2021-05-06,0,15
11,2021-05-06,2,1
8,2021-05-06,1,0
15,2021-05-05,1,0
12,2021-05-05,11,1
11,2021-05-04,5,2
8,2021-05-04,8,6
15,2021-05-03,2,0
16,2021-05-24,0,0
16,2021-05-24,1,0
15,2021-05-24,3,0
11,2021-05-24,0,2
12,2021-05-23,5,1
12,2021-05-22,5,0
15,2021-05-21,2,1
14,2021-05-21,4,0
8,2021-05-21,4,0
14,2021-05-20,3,0
12,2021-05-20,6,1
11,2021-05-20,0,2
11,2021-05-20,3,3
11,2021-05-20,0,8
9,2021-05-20,3,0
9,2021-05-20,1,0
15,2021-05-19,2,0
12,2021-05-19,6,0
9,2021-05-19,1,0
17,2021-05-18,0,10
17,2021-05-18,2,0
17,2021-05-18,4,0
14,2021-05-18,2,0
12,2021-05-18,6,1
17,2021-05-17,23,5
15,2021-05-17,3,0
13,2021-05-17,0,9
13,2021-05-17,0,1
13,2021-05-17,0,1
12,2021-05-16,7,1
12,2021-05-15,6,2
17,2021-05-14,7,2
15,2021-05-14,6,1
13,2021-05-14,5,2
11,2021-05-14,3,0
10,2021-05-14,10,2
8,2021-05-14,1,0
8,2021-05-14,2,0
8,2021-06-04,0,0
12,2021-06-03,0,0
12,2021-06-03,0,5
12,2021-06-03,0,0
12,2021-06-03,0,4
9,2021-06-03,0,6
8,2021-06-03,0,0
8,2021-06-03,0,0
8,2021-06-02,4,0
17,2021-06-01,0,5
17,2021-06-01,2,0
15,2021-06-01,0,0
8,2021-06-01,2,0
8,2021-06-01,3,2
7,2021-06-01,0,11
13,2021-05-31,2,0
10,2021-05-31,3,2
8,2021-05-31,4,0
22,2021-05-28,4,2
16,2021-05-28,1,0
12,2021-05-28,1,0
14,2021-05-27,10,1
13,2021-05-27,3,0
12,2021-05-27,4,2
12,2021-05-27,1,0
12,2021-05-27,1,0
8,2021-05-27,1,0
14,2021-05-26,11,3
12,2021-05-26,6,1
8,2021-05-26,4,0
15,2021-05-25,3,0
15,2021-05-25,2,0
11,2021-05-25,1,0
9,2021-05-25,0,4
9,2021-05-25,0,1
8,2021-05-25,2,0
10,2021-06-14,0,1
7,2021-06-14,0,3
12,2021-06-11,5,1
12,2021-06-11,5,0
11,2021-06-11,2,0
11,2021-06-11,1,0
14,2021-06-10,0,0
13,2021-06-10,7,2
12,2021-06-10,2,1
12,2021-06-10,2,1
11,2021-06-10,3,1
10,2021-06-10,1,0
10,2021-06-10,1,0
13,2021-06-09,1,2
12,2021-06-09,1,0
11,2021-06-09,1,1
10,2021-06-09,1,0
17,2021-06-08,0,6
14,2021-06-08,3,0
12,2021-06-08,5,1
11,2021-06-08,6,1
11,2021-06-08,3,0
11,2021-06-08,4,0
7,2021-06-08,0,1
12,2021-06-07,2,0
10,2021-06-07,3,1
10,2021-06-07,2,0
9,2021-06-07,1,0
9,2021-06-07,1,0
8,2021-06-07,2,0
8,2021-06-07,2,2
11,2021-06-05,0,0
11,2021-06-05,0,0
9,2021-06-05,1,0
15,2021-06-04,2,0
11,2021-06-04,3,0
11,2021-06-04,1,0
11,2021-06-22,1,0
11,2021-06-22,1,0
8,2021-06-22,0,2
8,2021-06-22,0,4
8,2021-06-22,0,0
14,2021-06-21,1,0
14,2021-06-21,2,0
13,2021-06-21,2,0
12,2021-06-21,0,1
11,2021-06-21,2,0
10,2021-06-21,3,0
10,2021-06-21,2,0
15,2021-06-18,3,0
10,2021-06-18,1,0
10,2021-06-18,0,0
10,2021-06-18,1,0
8,2021-06-18,1,0
8,2021-06-18,2,0
14,2021-06-17,0,3
13,2021-06-17,0,1
13,2021-06-17,2,0
12,2021-06-17,3,1
12,2021-06-17,7,3
11,2021-06-17,2,0
10,2021-06-17,1,1
10,2021-06-17,1,1
9,2021-06-17,0,6
9,2021-06-17,0,2
12,2021-06-16,0,6
12,2021-06-16,0,0
12,2021-06-16,1,1
11,2021-06-16,0,5
11,2021-06-16,0,2
11,2021-06-16,0,8
11,2021-06-16,0,0
11,2021-06-16,0,0
15,2021-06-15,0,2
11,2021-06-15,2,0
11,2021-06-15,3,0
10,2021-06-15,2,1
8,2021-06-15,5,0
14,2021-06-14,3,0
13,2021-06-14,3,1
13,2021-06-14,2,0
11,2021-06-14,2,0
11,2021-06-14,2,0
8,2021-06-28,0,0
12,2021-06-25,1,0
11,2021-06-25,1,0
11,2021-06-25,3,0
9,2021-06-25,5,1
8,2021-06-25,0,3
11,2021-06-24,1,0
11,2021-06-24,1,1
10,2021-06-24,5,1
8,2021-06-24,4,0
14,2021-06-23,0,2
11,2021-06-23,2,0
11,2021-06-23,1,0
10,2021-06-23,0,0
9,2021-06-23,1,0
8,2021-06-23,3,1
15,2021-06-22,1,0
15,2021-06-22,3,0
14,2021-06-22,0,2
12,2021-06-22,3,1
11,2021-06-22,0,2
8,2021-07-05,0,0
7,2021-07-05,0,3
22,2021-07-02,1,0
11,2021-07-02,6,1
8,2021-07-02,0,2
8,2021-07-02,2,0
11,2021-07-01,0,3
11,2021-07-01,3,0
10,2021-07-01,2,0
10,2021-07-01,2,0
9,2021-07-01,1,0
11,2021-06-30,0,6
11,2021-06-30,2,0
10,2021-06-30,2,0
8,2021-06-30,3,1
7,2021-06-30,0,1
14,2021-06-29,9,4
12,2021-06-29,0,6
12,2021-06-29,0,4
11,2021-06-29,3,2
10,2021-06-29,3,0
10,2021-06-29,5,2
8,2021-06-29,0,1
13,2021-06-28,2,0
13,2021-06-28,1,0
10,2021-06-28,3,0
10,2021-06-28,1,0
9,2021-07-05,0,0
10,2021-07-08,0,5
9,2021-07-08,0,4
8,2021-07-08,2,1
14,2021-07-07,0,1
13,2021-07-07,0,0
11,2021-07-07,0,1
10,2021-07-07,3,0
11,2021-07-06,0,0
8,2021-07-06,0,0
14,2021-07-05,0,1
12,2021-07-05,2,0
11,2021-07-09,0,0
11,2021-07-09,1,0
8,2021-07-09,0,0
8,2021-07-09,3,0
13,2021-07-08,2,0
13,2021-07-08,1,0
11,2021-07-09,0,4
11,2021-07-12,0,0
11,2021-07-12,1,0
10,2021-07-12,1,0
11,2021-07-13,0,0
11,2021-07-13,0,0
9,2021-07-13,1,0
13,2021-07-12,1,0
11,2021-07-14,0,0
9,2021-07-14,0,4
8,2021-07-14,3,0
10,2021-07-15,1,0
11,2021-07-16,0,0
11,2021-07-16,0,0
8,2021-07-16,1,0
8,2021-07-16,5,1
12,2021-07-15,2,0
12,2021-07-15,2,0
9,2021-07-20,2,0
14,2021-07-19,2,1
14,2021-07-19,4,1
12,2021-07-19,0,3
12,2021-07-19,0,2
8,2021-07-19,2,0
12,2021-07-20,0,0
12,2021-07-20,0,0
10,2021-07-23,0,1
14,2021-07-22,3,0
14,2021-07-22,0,0
10,2021-07-22,2,0
15,2021-07-21,0,0
13,2021-07-21,1,0
13,2021-07-21,1,0
11,2021-07-23,1,0
11,2021-07-23,2,0
11,2021-07-27,1,0
11,2021-07-27,0,1
9,2021-07-27,1,0
14,2021-07-26,2,0
14,2021-07-26,3,3
11,2021-07-26,1,1
8,2021-07-26,2,0
11,2021-07-28,0,0
11,2021-07-28,1,0
10,2021-07-28,1,0
8,2021-07-28,2,0
13,2021-07-27,3,0
13,2021-07-27,2,0
11,2021-07-29,0,0
10,2021-07-29,1,0
8,2021-07-29,3,0
11,2021-07-30,0,0
11,2021-07-30,0,0
10,2021-07-30,2,0
8,2021-07-30,0,0
8,2021-07-30,1,0
11,2021-08-02,0,0
11,2021-08-02,0,0
10,2021-08-02,1,0
11,2021-08-03,0,0
11,2021-08-03,0,0
9,2021-08-03,2,0
11,2021-08-04,0,1
11,2021-08-04,0,1
8,2021-08-04,2,0
11,2021-08-05,0,0
11,2021-08-05,0,0
8,2021-08-05,1,0
11,2021-08-06,0,0
11,2021-08-06,0,0
8,2021-08-06,0,0
13,2021-08-05,1,0
11,2021-08-23,0,0
11,2021-08-23,0,0
8,2021-08-23,1,0
11,2021-08-24,0,0
11,2021-08-24,0,0
9,2021-08-24,0,0
15,2021-08-23,1,0
11,2021-08-25,0,0
11,2021-08-25,0,0
8,2021-08-25,0,0
7,2021-08-25,0,0
11,2021-08-26,0,0
8,2021-08-26,1,0
15,2021-08-25,1,0
11,2021-08-27,0,0
11,2021-08-27,0,0
8,2021-08-27,1,0
8,2021-08-27,0,0
15,2021-08-26,1,0
11,2021-08-31,0,0
11,2021-08-31,0,0
8,2021-08-31,0,0
14,2021-08-30,1,0
10,2021-08-30,1,0
8,2021-08-30,1,0
11,2021-09-01,0,0
11,2021-09-01,0,0
8,2021-09-01,1,1
11,2021-09-02,0,0
11,2021-09-02,0,0
10,2021-09-02,0,1
8,2021-09-02,2,0
8,2021-09-03,1,0
15,2021-09-03,1,1
14,2021-09-03,0,2
13,2021-09-03,1,0
10,2021-09-08,1,0
10,2021-09-08,0,0
12,2021-09-07,1,0
11,2021-09-07,4,1
11,2021-09-07,2,0
11,2021-09-07,2,0
9,2021-09-07,2,0
8,2021-09-06,4,1
8,2021-09-06,1,1
11,2021-09-09,0,0
8,2021-09-09,1,0
11,2021-09-08,0,0
11,2021-09-10,1,0
9,2021-09-10,1,0
9,2021-09-10,0,1
9,2021-09-10,0,1
8,2021-09-10,2,0
11,2021-09-14,0,1
11,2021-09-14,0,0
9,2021-09-14,0,0
8,2021-09-14,1,0
11,2021-09-13,4,1
10,2021-09-13,2,1
8,2021-09-13,6,1
8,2021-09-15,2,0
13,2021-09-14,3,0
13,2021-09-14,7,0
11,2021-09-16,0,0
11,2021-09-16,0,0
9,2021-09-16,1,0
8,2021-09-16,1,0
8,2021-09-16,1,0
13,2021-09-15,2,0
13,2021-09-15,0,0
11,2021-09-17,0,0
10,2021-09-17,0,1
9,2021-09-17,0,0
8,2021-09-17,0,1
8,2021-09-17,2,1
15,2021-09-17,0,0
13,2021-09-17,1,0
13,2021-09-17,0,0
11,2021-09-20,0,0
9,2021-09-20,0,0
9,2021-09-21,0,0
9,2021-09-21,0,1
8,2021-09-21,1,0
11,2021-09-20,1,0
11,2021-09-22,0,0
11,2021-09-22,0,0
9,2021-09-22,1,0
8,2021-09-22,2,0
8,2021-09-22,2,0
8,2021-09-22,1,0
12,2021-09-21,0,0
11,2021-09-23,0,0
9,2021-09-23,3,0
8,2021-09-23,0,0
8,2021-09-23,3,2
8,2021-09-24,6,3
10,2021-09-27,0,4
11,2021-09-28,1,0
10,2021-09-28,0,0
10,2021-09-28,0,0
9,2021-09-28,1,0
14,2021-09-27,2,1
14,2021-09-27,1,0
12,2021-09-27,2,0
10,2021-09-29,1,0
10,2021-09-29,0,0
9,2021-09-29,0,0
9,2021-09-29,1,0
8,2021-09-29,4,0
11,2021-09-30,1,0
10,2021-09-30,0,0
10,2021-09-30,1,0
9,2021-09-30,0,0
13,2021-09-29,0,0
13,2021-09-29,0,0
10,2021-10-01,1,1
10,2021-10-01,2,1
9,2021-10-01,0,0
9,2021-10-01,0,2
9,2021-10-01,0,2
12,2021-09-30,1,0
12,2021-09-30,3,0
15,2021-10-01,0,5
11,2021-10-01,0,1
8,2021-10-04,2,1
8,2021-10-04,0,0
9,2021-10-05,2,0
8,2021-10-05,2,0
13,2021-10-04,0,8
13,2021-10-04,0,1
13,2021-10-04,0,3
13,2021-10-04,3,0
13,2021-10-04,1,0
11,2021-10-04,0,6
11,2021-10-04,0,1
11,2021-10-06,0,0
11,2021-10-06,0,0
9,2021-10-06,0,0
9,2021-10-06,1,0
8,2021-10-06,3,0
8,2021-10-06,1,0
7,2021-10-06,0,1
7,2021-10-06,0,1
14,2021-10-05,6,3
12,2021-10-05,0,5
11,2021-10-05,0,0
11,2021-10-07,0,1
10,2021-10-07,1,0
10,2021-10-07,0,0
9,2021-10-07,0,0
9,2021-10-07,2,0
17,2021-10-06,2,0
17,2021-10-06,1,0
16,2021-10-06,2,0
16,2021-10-06,1,0
13,2021-10-06,1,0
13,2021-10-06,1,1
12,2021-10-06,5,2
12,2021-10-06,0,0
9,2021-10-08,0,0
8,2021-10-08,1,0
12,2021-10-07,3,0
12,2021-10-07,4,2
12,2021-10-08,3,1
12,2021-10-08,0,7
12,2021-10-08,0,2
11,2021-10-14,0,0
11,2021-10-14,0,0
9,2021-10-14,0,0
9,2021-10-14,0,18
8,2021-10-14,1,0
8,2021-10-14,3,1
13,2021-10-13,0,0
13,2021-10-13,0,0
13,2021-10-13,6,0
12,2021-10-13,0,0
12,2021-10-13,0,0
11,2021-10-13,0,0
9,2021-10-15,0,2
9,2021-10-15,0,5
9,2021-10-15,0,0
8,2021-10-15,1,0
15,2021-10-14,0,0
15,2021-10-14,0,0
12,2021-10-14,7,0
12,2021-10-14,1,0
10,2021-10-18,0,0
10,2021-10-19,2,0
9,2021-10-19,0,0
9,2021-10-19,0,3
8,2021-10-19,1,0
15,2021-10-18,0,0
13,2021-10-18,0,0
11,2021-10-20,0,0
9,2021-10-20,2,0
8,2021-10-20,2,0
11,2021-10-21,0,0
11,2021-10-21,0,0
10,2021-10-21,1,0
9,2021-10-21,0,0
8,2021-10-21,0,0
10,2021-10-22,0,0
9,2021-10-22,0,0
9,2021-10-22,0,0
8,2021-10-22,2,0
13,2021-10-21,1,0
19,2021-10-22,0,7
11,2021-10-25,0,3
10,2021-10-25,0,7
10,2021-10-25,0,5
9,2021-10-25,0,2
8,2021-10-25,0,0
8,2021-10-25,1,0
9,2021-10-26,0,0
9,2021-10-26,1,1
8,2021-10-26,1,0
14,2021-10-25,1,0
14,2021-10-25,1,0
11,2021-10-25,6,2
9,2021-10-27,0,0
9,2021-10-27,0,0
8,2021-10-27,1,0
13,2021-10-26,5,3
11,2021-10-28,0,0
9,2021-10-28,0,0
8,2021-10-28,1,0
12,2021-10-27,2,0
12,2021-10-27,2,0
9,2021-10-29,1,0
8,2021-10-29,2,0
14,2021-10-28,4,0
9,2021-11-01,0,0
10,2021-11-03,0,0
9,2021-11-03,3,1
10,2021-11-02,0,4
10,2021-11-02,0,4
10,2021-11-02,0,8
9,2021-11-02,1,0
10,2021-11-04,0,0
9,2021-11-04,1,0
10,2021-11-05,1,1
9,2021-11-05,1,0
16,2021-11-04,1,0
16,2021-11-04,2,0
13,2021-11-05,0,0
10,2021-11-09,0,0
9,2021-11-09,2,1
14,2021-11-08,1,0
12,2021-11-08,2,0
10,2021-11-08,3,0
7,2021-11-08,0,3
7,2021-11-08,0,11
10,2021-11-10,0,0
9,2021-11-10,1,0
15,2021-11-09,2,0
13,2021-11-09,0,1
12,2021-11-09,0,0
11,2021-11-11,0,1
10,2021-11-11,0,0
9,2021-11-11,1,0
16,2021-11-10,0,5
16,2021-11-10,2,0
12,2021-11-10,0,2
12,2021-11-10,0,1
11,2021-11-10,2,0
10,2021-11-12,2,0
9,2021-11-12,2,0
15,2021-11-11,0,4
12,2021-11-11,0,0
12,2021-11-11,0,0
15,2021-11-12,0,0
12,2021-11-12,1,0
12,2021-11-12,0,0
10,2021-11-15,0,0
9,2021-11-15,0,0
10,2021-11-16,0,0
13,2021-11-15,0,5
13,2021-11-15,0,18
12,2021-11-15,1,0
12,2021-11-15,4,1
9,2021-11-17,3,0
17,2021-11-16,2,0
15,2021-11-16,0,0
15,2021-11-16,0,0
14,2021-11-16,0,0
14,2021-11-16,0,0
12,2021-11-16,0,0
12,2021-11-16,4,0
10,2021-11-18,2,0
9,2021-11-18,3,0
12,2021-11-17,1,0
12,2021-11-17,1,0
10,2021-11-19,0,0
9,2021-11-19,1,0
9,2021-11-19,1,0
14,2021-11-18,1,0
12,2021-11-18,0,1
12,2021-11-18,0,0
16,2021-11-19,2,0
12,2021-11-19,1,0
12,2021-11-19,1,0
10,2021-11-22,0,0
9,2021-11-22,1,0
10,2021-11-23,1,0
12,2021-11-22,2,0
12,2021-11-22,2,0
9,2021-11-24,1,0
19,2021-11-23,0,3
16,2021-11-23,0,0
15,2021-11-23,0,0
14,2021-11-23,0,2
12,2021-11-23,2,0
12,2021-11-23,0,0
10,2021-11-25,0,0
15,2021-11-24,1,0
12,2021-11-24,1,0
12,2021-11-24,0,0
11,2021-11-26,0,0
10,2021-11-26,1,0
9,2021-11-26,1,0
14,2021-11-25,1,0
12,2021-11-25,1,0
12,2021-11-25,1,0
12,2021-11-26,1,0
11,2021-11-30,0,1
11,2021-11-30,0,0
9,2021-11-30,1,0
9,2021-11-30,1,0
8,2021-11-30,1,0
8,2021-11-30,1,0
18,2021-11-29,2,0
18,2021-11-29,1,0
17,2021-11-29,2,0
15,2021-11-29,0,2
15,2021-11-29,4,2
15,2021-11-29,6,5
14,2021-11-29,0,0
14,2021-11-29,0,0
13,2021-11-29,1,0
13,2021-11-29,1,0
12,2021-11-29,1,0
11,2021-11-29,1,0
10,2021-11-29,2,1
9,2021-12-01,4,0
9,2021-12-01,5,1
8,2021-12-01,1,0
8,2021-12-01,2,1
18,2021-11-30,3,1
18,2021-11-30,3,2
17,2021-11-30,1,0
17,2021-11-30,1,0
15,2021-11-30,1,0
14,2021-11-30,2,0
14,2021-11-30,1,0
12,2021-11-30,1,0
9,2021-12-02,1,0
9,2021-12-02,0,0
8,2021-12-02,2,1
8,2021-12-02,4,0
14,2021-12-01,4,0
14,2021-12-01,4,0
11,2021-12-01,3,0
13,2021-12-02,0,0
16,2021-12-03,4,1
15,2021-12-03,0,0
13,2021-12-03,3,0
11,2021-12-03,1,0
10,2021-12-10,3,1
16,2021-12-09,1,0
11,2021-12-09,2,0
15,2021-12-10,1,0
13,2021-12-10,1,0
13,2021-12-10,1,0
9,2021-12-14,0,2
14,2021-12-13,1,0
14,2021-12-13,0,0
12,2021-12-13,4,1
10,2021-12-13,1,0
10,2021-12-15,1,1
9,2021-12-15,2,0
17,2021-12-14,0,3
16,2021-12-14,1,0
13,2021-12-14,0,0
12,2021-12-14,1,0
9,2021-12-16,1,0
12,2021-12-15,1,0
12,2021-12-15,0,0
9,2021-12-17,1,1
21,2021-12-16,0,3
17,2021-12-16,8,7
13,2021-12-16,1,0
12,2021-12-16,0,0
12,2021-12-16,1,1
12,2021-12-17,1,0
10,2021-12-21,0,0
9,2021-12-21,1,0
14,2021-12-20,3,0
13,2021-12-20,0,0
12,2021-12-20,0,0
11,2021-12-20,4,1
9,2021-12-20,2,0
8,2021-12-20,0,2
8,2021-12-20,0,2
11,2021-12-22,0,0
10,2021-12-22,0,0
9,2021-12-22,1,1
15,2021-12-21,0,0
13,2021-12-21,1,1
12,2021-12-21,0,1
10,2021-12-23,0,0
9,2021-12-23,0,0
15,2021-12-22,0,0
15,2021-12-22,0,0
12,2021-12-22,1,1
18,2021-12-23,0,0
16,2021-12-23,0,0
12,2021-12-23,1,0
15,2022-01-03,0,2
12,2022-01-10,4,1
12,2022-01-10,0,2
11,2022-01-11,2,0
15,2022-01-12,0,2
16,2022-01-13,2,0
11,2022-01-14,0,1
16,2022-01-17,2,1
9,2022-01-20,1,0
10,2022-01-21,1,0
10,2022-01-24,1,0
9,2022-01-24,1,0
12,2022-01-24,1,0
18,2022-01-25,6,2
17,2022-01-26,0,0
15,2022-01-26,0,0
15,2022-01-26,1,0
13,2022-01-28,0,0
10,2022-01-28,3,1
18,2022-01-27,2,0
15,2022-01-27,3,0
9,2022-02-01,1,0
18,2022-01-31,2,0
12,2022-01-31,3,0
12,2022-01-31,3,0
12,2022-01-31,0,2
9,2022-01-31,2,0
11,2022-02-02,0,1
9,2022-02-02,0,0
19,2022-02-01,1,0
16,2022-02-01,0,0
13,2022-02-01,0,13
9,2022-02-03,1,0
19,2022-02-02,0,0
11,2022-02-02,2,0
11,2022-02-02,0,0
9,2022-02-04,3,0
17,2022-02-03,1,0
12,2022-02-03,0,3
17,2022-02-04,1,0
13,2022-02-04,6,2
9,2022-02-07,3,0
8,2022-02-07,0,1
11,2022-02-08,0,0
9,2022-02-08,0,1
9,2022-02-08,0,1
9,2022-02-08,2,0
15,2022-02-07,0,1
15,2022-02-07,0,1
14,2022-02-07,0,2
9,2022-02-09,1,0
12,2022-02-08,1,0
11,2022-02-10,0,1
9,2022-02-10,1,0
19,2022-02-09,1,0
18,2022-02-09,1,0
16,2022-02-09,8,4
14,2022-02-09,3,1
11,2022-02-09,0,6
13,2022-02-11,0,0
11,2022-02-11,4,2
11,2022-02-11,3,2
9,2022-02-11,0,1
9,2022-02-11,0,1
9,2022-02-11,3,0
17,2022-02-10,2,0
15,2022-02-10,4,0
9,2022-02-14,2,0
10,2022-02-15,1,0
14,2022-02-14,1,0
12,2022-02-14,0,7
12,2022-02-14,3,1
9,2022-02-16,2,0
19,2022-02-15,2,0
15,2022-02-15,0,3
15,2022-02-15,2,0
11,2022-02-15,4,1
10,2022-02-17,2,0
16,2022-02-16,4,0
13,2022-02-16,0,1
11,2022-02-18,0,0
10,2022-02-18,3,0
18,2022-02-17,5,1
13,2022-02-17,2,0
11,2022-02-17,7,1
11,2022-02-17,1,1
11,2022-02-17,6,2
15,2022-02-18,2,0
13,2022-02-18,0,0
8,2022-02-22,1,0
17,2022-02-21,3,0
15,2022-02-21,1,0
12,2022-02-21,1,0
18,2022-02-22,2,0
13,2022-02-22,2,0
12,2022-02-22,0,2
17,2022-02-23,2,1
15,2022-02-23,1,0
12,2022-02-23,1,0
15,2022-02-24,3,2
12,2022-02-25,2,0
10,2022-03-01,4,1
10,2022-03-01,5,2
10,2022-03-01,0,1
10,2022-03-01,3,3
10,2022-03-01,0,1
10,2022-03-01,0,1
10,2022-03-01,0,1
10,2022-03-01,0,1
15,2022-02-28,3,0
13,2022-02-28,0,1
11,2022-03-02,0,1
10,2022-03-02,1,1
9,2022-03-02,1,1
9,2022-03-02,1,1
9,2022-03-02,2,1
8,2022-03-02,0,2
8,2022-03-02,0,0
8,2022-03-02,0,1
16,2022-03-01,0,1
16,2022-03-01,0,1
13,2022-03-01,0,0
13,2022-03-01,2,1
12,2022-03-01,0,1
12,2022-03-01,3,2
12,2022-03-01,2,1
12,2022-03-01,4,5
11,2022-03-01,2,1
11,2022-03-01,2,1
9,2022-03-03,0,1
9,2022-03-03,1,0
8,2022-03-03,0,3
8,2022-03-03,0,1
8,2022-03-03,0,1
18,2022-03-02,0,2
18,2022-03-02,0,3
18,2022-03-02,0,2
16,2022-03-02,1,0
13,2022-03-02,2,0
13,2022-03-02,2,0
12,2022-03-02,1,0
11,2022-03-02,1,0
9,2022-03-04,0,0
15,2022-03-03,0,1
12,2022-03-03,0,1
12,2022-03-03,0,2
12,2022-03-03,0,1
12,2022-03-03,0,1
12,2022-03-03,0,1
12,2022-03-03,0,3
12,2022-03-03,0,3
12,2022-03-03,2,1
14,2022-03-04,2,2
13,2022-03-04,0,3
10,2022-03-08,0,0
10,2022-03-08,2,1
15,2022-03-07,0,0
15,2022-03-07,0,3
15,2022-03-07,0,1
13,2022-03-07,2,1
12,2022-03-07,1,1
15,2022-03-08,3,1
12,2022-03-08,2,0
15,2022-03-09,1,0
12,2022-03-09,1,0
12,2022-03-10,4,3
12,2022-03-11,1,1
9,2022-03-15,1,0
13,2022-03-15,1,0
10,2022-03-17,0,0
9,2022-03-17,0,0
15,2022-03-16,1,1
13,2022-03-16,2,0
12,2022-03-16,4,2
10,2022-03-18,0,0
9,2022-03-18,1,0
18,2022-03-17,1,0
12,2022-03-18,2,0
17,2022-03-21,2,0
15,2022-03-21,0,1
14,2022-03-21,2,0
14,2022-03-21,2,0
10,2022-03-23,3,0
16,2022-03-22,0,1
15,2022-03-23,1,0
15,2022-03-24,2,0
14,2022-03-24,3,0
16,2022-03-29,1,0
12,2022-03-29,0,1
8,2022-03-31,3,0
8,2022-03-31,2,0
9,2022-04-01,0,0
8,2022-04-01,0,1
7,2022-04-01,0,1
7,2022-04-01,0,1
7,2022-04-01,0,2
7,2022-04-01,0,4
16,2022-03-31,1,0
16,2022-04-01,0,0
9,2022-04-05,2,1
17,2022-04-04,2,2
15,2022-04-05,0,2
13,2022-04-05,1,0
13,2022-04-05,8,3
12,2022-04-05,1,0
16,2022-04-06,1,0
17,2022-04-07,1,1
15,2022-04-07,1,0
17,2022-04-08,1,0
11,2022-04-09,0,0
8,2022-04-12,2,0
12,2022-04-11,3,2
11,2022-04-13,0,0
9,2022-04-13,2,0
17,2022-04-12,1,0
14,2022-04-12,0,0
11,2022-04-12,1,1
9,2022-04-14,0,0
14,2022-04-13,0,0
14,2022-04-15,0,0
11,2022-04-19,1,1
9,2022-04-19,3,3
9,2022-04-19,0,2
9,2022-04-19,1,1
11,2022-04-18,2,1
8,2022-04-18,2,2
